trade_id,signal_type,zone_name,entry_time,entry_price,target_price,exit_time,exit_price,exit_type,pnl,hold_duration
1,BUY,sup1,2024-01-04T10:55:00,16586.55,16661.55,2024-01-04T12:40:00,16560.25,STOP_LOSS,-26.299999999999272,105.0
2,BUY,sup1,2024-01-05T11:10:00,16492.75,16567.75,2024-01-05T11:35:00,16468.25,STOP_LOSS,-24.5,25.0
3,BUY,sup1,2024-01-05T13:00:00,16487.95,16562.95,2024-01-05T15:45:00,16564.15,TARGET,76.20000000000073,165.0
4,BUY,res1,2024-01-08T13:45:00,16617.55,16692.55,2024-01-08T16:00:00,16699.25,TARGET,81.70000000000073,135.0
5,BUY,sup1,2024-01-09T15:00:00,16635.25,16710.25,2024-01-10T10:10:00,16730.75,TARGET,95.5,1150.0
6,BUY,sup1,2024-01-10T13:05:00,16684.55,16759.55,2024-01-10T16:05:00,16655.55,STOP_LOSS,-29.0,180.0
7,BUY,sup1,2024-01-11T14:25:00,16728.65,16803.65,2024-01-11T14:40:00,16679.55,STOP_LOSS,-49.10000000000218,15.0
8,BUY,sup1,2024-01-12T09:05:00,16659.25,16734.25,2024-01-12T12:50:00,16611.35,STOP_LOSS,-47.900000000001455,225.0
9,BUY,res1,2024-01-12T14:30:00,16658.35,16733.35,2024-01-12T15:40:00,16732.75,TARGET,74.40000000000146,70.0
10,BUY,sup1,2024-01-15T10:50:00,16663.25,16738.25,2024-01-15T14:05:00,16625.85,STOP_LOSS,-37.400000000001455,195.0
11,BUY,sup1,2024-01-16T12:00:00,16507.75,16582.75,2024-01-17T09:00:00,16395.35,STOP_LOSS,-112.40000000000146,1260.0
12,BUY,res1,2024-01-17T13:35:00,16421.05,16496.05,2024-01-17T14:00:00,16402.05,STOP_LOSS,-19.0,25.0
13,BUY,sup1,2024-01-17T16:25:00,16382.15,16457.15,2024-01-18T09:00:00,16444.05,TARGET,61.899999999999636,995.0
14,BUY,res1,2024-01-18T10:25:00,16475.65,16550.65,2024-01-18T13:15:00,16541.45,TARGET,65.79999999999927,170.0
15,BUY,sup1,2024-01-18T16:30:00,16548.05,16623.05,2024-01-19T09:00:00,16625.85,TARGET,77.79999999999927,990.0
16,BUY,sup1,2024-01-19T11:50:00,16602.85,16677.85,2024-01-19T14:40:00,16575.95,STOP_LOSS,-26.899999999997817,170.0
17,BUY,res1,2024-01-22T14:55:00,16627.95,16702.95,2024-01-23T09:00:00,16743.75,TARGET,115.79999999999927,1085.0
18,BUY,sup1,2024-01-23T11:50:00,16656.55,16731.55,2024-01-23T15:20:00,16639.35,STOP_LOSS,-17.200000000000728,210.0
19,BUY,sup1,2024-01-24T10:35:00,16783.95,16858.95,2024-01-24T13:50:00,16857.95,TARGET,74.0,195.0
20,BUY,sup1,2024-01-25T09:45:00,16843.85,16918.85,2024-01-25T10:15:00,16828.35,STOP_LOSS,-15.5,30.0
21,BUY,sup1,2024-01-25T10:50:00,16840.45,16915.45,2024-01-25T11:25:00,16826.85,STOP_LOSS,-13.600000000002183,35.0
22,BUY,res1,2024-01-26T11:15:00,16917.45,16992.45,2024-01-29T09:45:00,16898.75,STOP_LOSS,-18.700000000000728,4230.0
23,BUY,sup1,2024-01-29T11:40:00,16875.75,16950.75,2024-01-30T09:00:00,17004.25,TARGET,128.5,1280.0
24,BUY,sup1,2024-01-30T12:30:00,16963.55,17038.55,2024-01-31T10:35:00,16946.45,STOP_LOSS,-17.099999999998545,1325.0
25,BUY,res1,2024-01-31T12:25:00,16963.05,17038.05,2024-01-31T13:30:00,16946.55,STOP_LOSS,-16.5,65.0
26,BUY,sup1,2024-02-01T10:30:00,16850.25,16925.25,2024-02-02T09:00:00,16981.45,TARGET,131.20000000000073,1350.0
27,BUY,res1,2024-02-02T14:05:00,16998.55,17073.55,2024-02-02T14:15:00,16975.65,STOP_LOSS,-22.899999999997817,10.0
28,BUY,sup1,2024-02-05T09:20:00,16925.55,17000.55,2024-02-05T10:30:00,16901.25,STOP_LOSS,-24.299999999999272,70.0
29,BUY,sup1,2024-02-06T10:05:00,16885.85,16960.85,2024-02-06T15:40:00,16975.55,TARGET,89.70000000000073,335.0
30,BUY,sup1,2024-02-07T10:20:00,17003.65,17078.65,2024-02-07T11:35:00,16977.15,STOP_LOSS,-26.5,75.0
31,BUY,sup1,2024-02-07T13:10:00,16978.95,17053.95,2024-02-07T15:45:00,16959.25,STOP_LOSS,-19.700000000000728,155.0
32,BUY,res1,2024-02-08T13:10:00,16966.75,17041.75,2024-02-09T09:45:00,16943.45,STOP_LOSS,-23.299999999999272,1235.0
33,BUY,sup1,2024-02-09T13:15:00,16976.05,17051.05,2024-02-09T15:00:00,16958.55,STOP_LOSS,-17.5,105.0
34,BUY,res1,2024-02-12T09:30:00,16992.75,17067.75,2024-02-12T09:55:00,16960.95,STOP_LOSS,-31.799999999999272,25.0
35,BUY,res1,2024-02-12T10:40:00,16998.95,17073.95,2024-02-12T12:35:00,16983.65,STOP_LOSS,-15.299999999999272,115.0
36,BUY,sup1,2024-02-12T13:40:00,16986.95,17061.95,2024-02-12T14:30:00,16975.05,STOP_LOSS,-11.900000000001455,50.0
37,BUY,sup1,2024-02-13T11:35:00,16950.45,17025.45,2024-02-13T14:30:00,16899.85,STOP_LOSS,-50.60000000000218,175.0
38,BUY,res1,2024-02-14T11:10:00,16896.55,16971.55,2024-02-15T09:00:00,17014.25,TARGET,117.70000000000073,1310.0
39,BUY,sup1,2024-02-16T12:25:00,17176.25,17251.25,2024-02-16T13:35:00,17159.15,STOP_LOSS,-17.099999999998545,70.0
40,BUY,sup1,2024-02-19T11:30:00,17055.65,17130.65,2024-02-20T09:20:00,17032.05,STOP_LOSS,-23.600000000002183,1310.0
41,BUY,sup1,2024-02-20T10:35:00,17036.95,17111.95,2024-02-21T10:40:00,17112.05,TARGET,75.09999999999854,1445.0
42,BUY,sup1,2024-02-21T13:10:00,17136.35,17211.35,2024-02-21T14:10:00,17126.35,STOP_LOSS,-10.0,60.0
43,BUY,sup1,2024-02-22T09:00:00,17290.15,17365.15,2024-02-22T09:20:00,17365.55,TARGET,75.39999999999782,20.0
44,BUY,sup1,2024-02-22T11:30:00,17302.25,17377.25,2024-02-22T13:35:00,17379.75,TARGET,77.5,125.0
45,BUY,sup1,2024-02-22T14:20:00,17357.45,17432.45,2024-02-23T16:05:00,17437.15,TARGET,79.70000000000073,1545.0
46,BUY,sup1,2024-02-27T09:10:00,17437.55,17512.55,2024-02-27T13:25:00,17516.25,TARGET,78.70000000000073,255.0
47,BUY,sup1,2024-02-28T12:15:00,17578.85,17653.85,2024-02-29T09:30:00,17645.75,TARGET,66.90000000000146,1275.0
48,BUY,sup1,2024-02-29T11:25:00,17682.75,17757.75,2024-02-29T14:20:00,17657.25,STOP_LOSS,-25.5,175.0
49,BUY,sup1,2024-02-29T14:35:00,17687.85,17762.85,2024-03-01T09:00:00,17785.55,TARGET,97.70000000000073,1105.0
50,BUY,sup1,2024-03-01T14:30:00,17763.15,17838.15,2024-03-01T15:00:00,17743.55,STOP_LOSS,-19.600000000002183,30.0
51,BUY,sup1,2024-03-05T10:55:00,17664.15,17739.15,2024-03-05T16:00:00,17738.75,TARGET,74.59999999999854,305.0
52,BUY,sup1,2024-03-06T09:25:00,17701.85,17776.85,2024-03-06T12:35:00,17697.15,STOP_LOSS,-4.69999999999709,190.0
53,BUY,sup1,2024-03-06T13:10:00,17704.45,17779.45,2024-03-07T09:00:00,17645.55,STOP_LOSS,-58.900000000001455,1190.0
54,BUY,res1,2024-03-07T13:00:00,17727.75,17802.75,2024-03-07T14:05:00,17709.75,STOP_LOSS,-18.0,65.0
55,BUY,sup1,2024-03-07T14:10:00,17716.25,17791.25,2024-03-07T14:30:00,17788.25,TARGET,72.0,20.0
56,BUY,sup1,2024-03-07T15:55:00,17826.65,17901.65,2024-03-11T09:00:00,17708.75,STOP_LOSS,-117.90000000000146,5345.0
57,BUY,sup1,2024-03-11T10:50:00,17680.25,17755.25,2024-03-12T09:00:00,17798.95,TARGET,118.70000000000073,1330.0
58,BUY,sup1,2024-03-12T10:25:00,17796.75,17871.75,2024-03-12T13:30:00,17774.45,STOP_LOSS,-22.299999999999272,185.0
59,BUY,sup1,2024-03-12T13:35:00,17814.55,17889.55,2024-03-12T14:45:00,17795.05,STOP_LOSS,-19.5,70.0
60,BUY,sup1,2024-03-13T16:15:00,17973.55,18048.55,2024-03-14T14:50:00,17945.95,STOP_LOSS,-27.599999999998545,1355.0
61,BUY,sup1,2024-03-15T09:05:00,17933.65,18008.65,2024-03-15T12:15:00,18014.05,TARGET,80.39999999999782,190.0
62,BUY,sup1,2024-03-15T16:00:00,17988.95,18063.95,2024-03-18T09:00:00,17965.55,STOP_LOSS,-23.400000000001455,3900.0
63,BUY,res1,2024-03-18T10:00:00,18001.05,18076.05,2024-03-18T10:10:00,17991.65,STOP_LOSS,-9.399999999997817,10.0
64,BUY,sup1,2024-03-18T12:30:00,17995.65,18070.65,2024-03-18T13:35:00,17958.35,STOP_LOSS,-37.30000000000291,65.0
65,BUY,sup1,2024-03-18T14:25:00,17974.05,18049.05,2024-03-18T14:40:00,17949.45,STOP_LOSS,-24.599999999998545,15.0
66,BUY,sup1,2024-03-18T16:00:00,17928.55,18003.55,2024-03-20T10:20:00,18005.25,TARGET,76.70000000000073,2540.0
67,BUY,sup1,2024-03-21T14:35:00,18096.95,18171.95,2024-03-22T09:10:00,18166.05,TARGET,69.09999999999854,1115.0
68,BUY,sup1,2024-03-22T13:30:00,18190.05,18265.05,2024-03-25T15:15:00,18285.95,TARGET,95.90000000000146,4425.0
69,BUY,res1,2024-03-26T10:10:00,18289.35,18364.35,2024-03-26T12:20:00,18366.95,TARGET,77.60000000000218,130.0
70,SELL,res1,2024-03-26T14:10:00,18394.15,18319.15,2024-03-26T15:50:00,18410.35,STOP_LOSS,-16.19999999999709,100.0
71,BUY,res1,2024-03-27T09:25:00,18415.15,18490.15,2024-03-27T10:00:00,18402.85,STOP_LOSS,-12.30000000000291,35.0
72,BUY,res1,2024-03-27T10:05:00,18429.65,18504.65,2024-03-27T14:00:00,18506.65,TARGET,77.0,235.0
73,BUY,sup1,2024-03-28T09:35:00,18498.55,18573.55,2024-03-28T12:35:00,18481.25,STOP_LOSS,-17.299999999999272,180.0
74,BUY,sup1,2024-03-28T12:55:00,18495.75,18570.75,2024-03-28T13:40:00,18482.75,STOP_LOSS,-13.0,45.0
75,BUY,sup1,2024-03-28T14:10:00,18488.45,18563.45,2024-04-02T10:45:00,18474.15,STOP_LOSS,-14.299999999999272,6995.0
76,BUY,sup1,2024-04-03T10:45:00,18317.95,18392.95,2024-04-04T10:05:00,18388.65,TARGET,70.70000000000073,1400.0
77,BUY,sup1,2024-04-04T12:10:00,18368.75,18443.75,2024-04-05T09:00:00,18183.75,STOP_LOSS,-185.0,1250.0
78,BUY,sup1,2024-04-05T13:40:00,18140.65,18215.65,2024-04-08T09:15:00,18236.75,TARGET,96.09999999999854,4055.0
79,BUY,res1,2024-04-08T13:00:00,18289.75,18364.75,2024-04-08T13:45:00,18268.15,STOP_LOSS,-21.599999999998545,45.0
80,BUY,sup1,2024-04-08T13:50:00,18277.45,18352.45,2024-04-09T09:05:00,18236.25,STOP_LOSS,-41.20000000000073,1155.0
81,BUY,sup1,2024-04-09T11:55:00,18208.95,18283.95,2024-04-09T12:30:00,18175.35,STOP_LOSS,-33.60000000000218,35.0
82,BUY,sup1,2024-04-09T13:15:00,18207.05,18282.05,2024-04-09T15:15:00,18171.25,STOP_LOSS,-35.79999999999927,120.0
83,BUY,res1,2024-04-10T10:55:00,18212.85,18287.85,2024-04-10T11:45:00,18190.35,STOP_LOSS,-22.5,50.0
84,BUY,res1,2024-04-10T13:10:00,18229.65,18304.65,2024-04-10T14:05:00,18211.75,STOP_LOSS,-17.900000000001455,55.0
85,BUY,sup1,2024-04-11T10:00:00,18093.05,18168.05,2024-04-11T10:50:00,18058.05,STOP_LOSS,-35.0,50.0
86,BUY,sup1,2024-04-11T14:30:00,17957.1,18032.1,2024-04-11T14:40:00,18046.75,TARGET,89.65000000000146,10.0
87,BUY,sup1,2024-04-11T15:55:00,18031.65,18106.65,2024-04-11T16:05:00,17941.25,STOP_LOSS,-90.40000000000146,10.0
88,BUY,sup1,2024-04-15T12:30:00,18071.95,18146.95,2024-04-15T14:35:00,18181.85,TARGET,109.89999999999782,125.0
89,BUY,sup1,2024-04-16T10:35:00,17769.95,17844.95,2024-04-16T13:40:00,17846.05,TARGET,76.09999999999854,185.0
90,BUY,sup1,2024-04-17T09:00:00,17749.95,17824.95,2024-04-17T10:00:00,17821.25,TARGET,71.29999999999927,60.0
91,BUY,sup1,2024-04-18T12:30:00,17774.35,17849.35,2024-04-18T14:45:00,17735.65,STOP_LOSS,-38.69999999999709,135.0
92,BUY,sup1,2024-04-18T15:05:00,17772.55,17847.55,2024-04-18T15:40:00,17723.05,STOP_LOSS,-49.5,35.0
93,BUY,sup1,2024-04-18T15:50:00,17775.85,17850.85,2024-04-19T09:00:00,17685.55,STOP_LOSS,-90.29999999999927,1030.0
94,BUY,sup1,2024-04-19T10:50:00,17660.45,17735.45,2024-04-19T11:50:00,17744.05,TARGET,83.59999999999854,60.0
95,BUY,res1,2024-04-19T12:30:00,17720.35,17795.35,2024-04-22T09:00:00,17866.05,TARGET,145.70000000000073,4110.0
96,BUY,sup1,2024-04-22T10:55:00,17791.25,17866.25,2024-04-22T15:00:00,17870.05,TARGET,78.79999999999927,245.0
97,BUY,res1,2024-04-23T16:20:00,18085.35,18160.35,2024-04-24T09:00:00,18183.55,TARGET,98.20000000000073,1000.0
98,BUY,sup1,2024-04-24T12:45:00,18188.15,18263.15,2024-04-24T14:35:00,18171.75,STOP_LOSS,-16.400000000001455,110.0
99,BUY,res1,2024-04-26T09:05:00,18028.05,18103.05,2024-04-26T14:30:00,18096.05,TARGET,68.0,325.0
100,BUY,sup1,2024-04-26T15:00:00,18068.55,18143.55,2024-04-26T15:55:00,18162.45,TARGET,93.90000000000146,55.0
101,BUY,sup1,2024-04-29T13:30:00,18153.85,18228.85,2024-04-29T13:40:00,18137.75,STOP_LOSS,-16.099999999998545,10.0
102,BUY,sup1,2024-04-30T14:15:00,18046.65,18121.65,2024-04-30T14:30:00,18003.55,STOP_LOSS,-43.10000000000218,15.0
103,BUY,sup1,2024-04-30T15:40:00,18021.55,18096.55,2024-05-02T09:00:00,17921.05,STOP_LOSS,-100.5,2480.0
104,BUY,sup1,2024-05-02T11:35:00,17928.55,18003.55,2024-05-02T16:10:00,17880.75,STOP_LOSS,-47.79999999999927,275.0
105,BUY,res1,2024-05-03T12:10:00,17994.85,18069.85,2024-05-03T13:35:00,17962.55,STOP_LOSS,-32.29999999999927,85.0
106,BUY,sup1,2024-05-03T13:40:00,17969.95,18044.95,2024-05-03T14:30:00,18097.45,TARGET,127.5,50.0
107,BUY,sup1,2024-05-03T16:30:00,17992.35,18067.35,2024-05-06T10:35:00,18066.55,TARGET,74.20000000000073,3965.0
108,BUY,sup1,2024-05-06T13:25:00,18166.35,18241.35,2024-05-06T15:10:00,18148.15,STOP_LOSS,-18.19999999999709,105.0
109,BUY,res1,2024-05-07T10:50:00,18274.15,18349.15,2024-05-07T15:10:00,18357.15,TARGET,83.0,260.0
110,SELL,res1,2024-05-09T09:15:00,18529.05,18454.05,2024-05-09T09:40:00,18542.55,STOP_LOSS,-13.5,25.0
111,BUY,res1,2024-05-09T09:45:00,18544.05,18619.05,2024-05-09T13:50:00,18624.65,TARGET,80.60000000000218,245.0
112,BUY,sup1,2024-05-09T16:05:00,18669.85,18744.85,2024-05-10T09:00:00,18768.65,TARGET,98.80000000000291,1015.0
113,BUY,sup1,2024-05-13T13:15:00,18736.55,18811.55,2024-05-13T14:20:00,18725.05,STOP_LOSS,-11.5,65.0
114,BUY,sup1,2024-05-13T15:55:00,18744.55,18819.55,2024-05-14T09:00:00,18724.65,STOP_LOSS,-19.899999999997817,1025.0
115,BUY,sup1,2024-05-14T11:55:00,18708.05,18783.05,2024-05-14T14:30:00,18694.85,STOP_LOSS,-13.200000000000728,155.0
116,BUY,sup1,2024-05-14T15:15:00,18709.45,18784.45,2024-05-15T10:05:00,18786.35,TARGET,76.89999999999782,1130.0
117,BUY,sup1,2024-05-15T13:10:00,18800.05,18875.05,2024-05-15T13:45:00,18790.35,STOP_LOSS,-9.700000000000728,35.0
118,BUY,sup1,2024-05-15T14:30:00,18800.0,18875.0,2024-05-15T14:30:00,18874.45,TARGET,74.45000000000073,0.0
119,BUY,res1,2024-05-20T13:15:00,18780.35,18855.35,2024-05-20T15:25:00,18769.95,STOP_LOSS,-10.399999999997817,130.0
120,BUY,sup1,2024-05-21T12:35:00,18686.55,18761.55,2024-05-21T13:40:00,18671.75,STOP_LOSS,-14.799999999999272,65.0
121,BUY,res1,2024-05-21T15:05:00,18686.95,18761.95,2024-05-22T09:05:00,18670.85,STOP_LOSS,-16.100000000002183,1080.0
122,BUY,sup1,2024-05-22T09:40:00,18685.85,18760.85,2024-05-22T10:35:00,18668.05,STOP_LOSS,-17.799999999999272,55.0
123,BUY,res1,2024-05-22T12:05:00,18684.65,18759.65,2024-05-22T13:55:00,18661.75,STOP_LOSS,-22.900000000001455,110.0
124,BUY,sup1,2024-05-22T14:40:00,18661.15,18736.15,2024-05-23T09:05:00,18736.15,TARGET,75.0,1105.0
125,BUY,sup1,2024-05-24T13:55:00,18620.55,18695.55,2024-05-24T15:30:00,18602.35,STOP_LOSS,-18.200000000000728,95.0
126,BUY,sup1,2024-05-27T11:40:00,18721.95,18796.95,2024-05-27T12:00:00,18707.05,STOP_LOSS,-14.900000000001455,20.0
127,BUY,sup1,2024-05-27T12:50:00,18717.75,18792.75,2024-05-28T09:00:00,18831.85,TARGET,114.09999999999854,1210.0
128,BUY,sup1,2024-05-30T13:05:00,18487.55,18562.55,2024-05-31T09:35:00,18452.05,STOP_LOSS,-35.5,1230.0
129,BUY,sup1,2024-05-31T11:30:00,18478.05,18553.05,2024-05-31T16:30:00,18431.95,STOP_LOSS,-46.099999999998545,300.0
130,BUY,sup1,2024-06-03T13:00:00,18634.75,18709.75,2024-06-04T09:00:00,18544.25,STOP_LOSS,-90.5,1200.0
131,BUY,sup1,2024-06-04T13:00:00,18393.85,18468.85,2024-06-04T13:55:00,18472.05,TARGET,78.20000000000073,55.0
132,BUY,sup1,2024-06-05T10:25:00,18490.95,18565.95,2024-06-05T13:15:00,18565.55,TARGET,74.59999999999854,170.0
133,BUY,sup1,2024-06-06T16:10:00,18642.15,18717.15,2024-06-07T09:20:00,18600.55,STOP_LOSS,-41.60000000000218,1030.0
134,BUY,sup1,2024-06-07T15:05:00,18496.45,18571.45,2024-06-07T16:25:00,18576.55,TARGET,80.09999999999854,80.0
135,BUY,res1,2024-06-12T13:40:00,18486.15,18561.15,2024-06-12T14:30:00,18560.85,TARGET,74.69999999999709,50.0
136,BUY,sup1,2024-06-13T14:30:00,18442.05,18517.05,2024-06-13T15:10:00,18417.45,STOP_LOSS,-24.599999999998545,40.0
137,BUY,sup1,2024-06-14T15:40:00,18064.65,18139.65,2024-06-14T16:05:00,17981.55,STOP_LOSS,-83.10000000000218,25.0
138,BUY,res1,2024-06-17T14:10:00,18056.65,18131.65,2024-06-17T14:25:00,18039.65,STOP_LOSS,-17.0,15.0
139,BUY,sup1,2024-06-18T15:35:00,18109.05,18184.05,2024-06-19T09:20:00,18074.45,STOP_LOSS,-34.599999999998545,1065.0
140,BUY,sup1,2024-06-19T11:05:00,18087.15,18162.15,2024-06-19T11:40:00,18065.45,STOP_LOSS,-21.700000000000728,35.0
141,BUY,sup1,2024-06-19T11:50:00,18085.45,18160.45,2024-06-20T09:30:00,18193.85,TARGET,108.39999999999782,1300.0
142,BUY,res1,2024-06-20T12:15:00,18197.35,18272.35,2024-06-20T12:40:00,18164.25,STOP_LOSS,-33.099999999998545,25.0
143,BUY,sup1,2024-06-20T13:55:00,18154.75,18229.75,2024-06-20T14:40:00,18135.15,STOP_LOSS,-19.599999999998545,45.0
144,BUY,sup1,2024-06-20T15:35:00,18148.85,18223.85,2024-06-21T09:00:00,18223.55,TARGET,74.70000000000073,1045.0
145,BUY,sup1,2024-06-21T10:50:00,18193.25,18268.25,2024-06-21T11:15:00,18146.95,STOP_LOSS,-46.29999999999927,25.0
146,BUY,sup1,2024-06-21T13:00:00,18162.55,18237.55,2024-06-21T14:25:00,18131.65,STOP_LOSS,-30.899999999997817,85.0
147,BUY,res1,2024-06-21T16:25:00,18174.05,18249.05,2024-06-24T09:50:00,18254.55,TARGET,80.5,3925.0
148,BUY,res1,2024-06-24T15:50:00,18307.65,18382.65,2024-06-25T09:00:00,18159.35,STOP_LOSS,-148.3000000000029,1030.0
149,BUY,sup1,2024-06-25T10:55:00,18103.65,18178.65,2024-06-26T09:00:00,18294.45,TARGET,190.79999999999927,1325.0
150,BUY,res1,2024-06-27T13:30:00,18194.55,18269.55,2024-06-28T09:00:00,18300.05,TARGET,105.5,1170.0
151,BUY,res1,2024-06-28T11:20:00,18317.65,18392.65,2024-06-28T13:35:00,18270.55,STOP_LOSS,-47.10000000000218,135.0
152,BUY,res1,2024-06-28T16:25:00,18283.05,18358.05,2024-07-01T09:00:00,18427.35,TARGET,144.29999999999927,3875.0
153,BUY,sup1,2024-07-01T10:45:00,18312.65,18387.65,2024-07-01T11:15:00,18289.35,STOP_LOSS,-23.30000000000291,30.0
154,BUY,res1,2024-07-01T14:00:00,18320.55,18395.55,2024-07-02T09:00:00,18228.45,STOP_LOSS,-92.09999999999854,1140.0
155,BUY,sup1,2024-07-02T12:25:00,18118.05,18193.05,2024-07-02T13:10:00,18086.75,STOP_LOSS,-31.299999999999272,45.0
156,BUY,res1,2024-07-02T16:05:00,18136.95,18211.95,2024-07-03T09:00:00,18241.55,TARGET,104.59999999999854,1015.0
157,BUY,sup1,2024-07-03T13:20:00,18343.35,18418.35,2024-07-03T14:20:00,18322.35,STOP_LOSS,-21.0,60.0
158,BUY,sup1,2024-07-04T11:30:00,18432.65,18507.65,2024-07-05T09:00:00,18515.75,TARGET,83.09999999999854,1290.0
159,BUY,sup1,2024-07-08T14:35:00,18537.75,18612.75,2024-07-08T16:05:00,18506.25,STOP_LOSS,-31.5,90.0
160,BUY,sup1,2024-07-11T13:35:00,18437.95,18512.95,2024-07-11T14:30:00,18503.35,TARGET,65.39999999999782,55.0
161,BUY,res1,2024-07-12T10:35:00,18595.45,18670.45,2024-07-12T11:25:00,18556.15,STOP_LOSS,-39.29999999999927,50.0
162,BUY,res1,2024-07-12T12:40:00,18614.65,18689.65,2024-07-12T14:20:00,18591.75,STOP_LOSS,-22.900000000001455,100.0
163,BUY,sup1,2024-07-15T10:00:00,18718.45,18793.45,2024-07-15T13:15:00,18671.45,STOP_LOSS,-47.0,195.0
164,BUY,sup1,2024-07-16T10:20:00,18474.05,18549.05,2024-07-17T09:05:00,18439.15,STOP_LOSS,-34.89999999999782,1365.0
165,BUY,sup1,2024-07-17T11:45:00,18464.65,18539.65,2024-07-17T12:55:00,18441.65,STOP_LOSS,-23.0,70.0
166,BUY,sup1,2024-07-18T10:35:00,18437.15,18512.15,2024-07-18T15:35:00,18513.65,TARGET,76.5,300.0
167,BUY,sup1,2024-07-19T12:05:00,18222.75,18297.75,2024-07-22T10:10:00,18300.95,TARGET,78.20000000000073,4205.0
168,BUY,res1,2024-07-22T14:30:00,18433.45,18508.45,2024-07-22T16:00:00,18395.45,STOP_LOSS,-38.0,90.0
169,BUY,res1,2024-07-23T09:35:00,18475.05,18550.05,2024-07-23T11:25:00,18560.55,TARGET,85.5,110.0
170,BUY,sup1,2024-07-23T16:00:00,18520.05,18595.05,2024-07-24T09:00:00,18365.1,STOP_LOSS,-154.95000000000073,1020.0
171,BUY,sup1,2024-07-24T16:15:00,18378.05,18453.05,2024-07-25T09:00:00,18225.2,STOP_LOSS,-152.84999999999854,1005.0
172,BUY,sup1,2024-07-25T11:40:00,18120.15,18195.15,2024-07-25T14:50:00,18183.15,TARGET,63.0,190.0
173,BUY,res1,2024-07-26T13:35:00,18351.75,18426.75,2024-07-26T15:30:00,18331.75,STOP_LOSS,-20.0,115.0
174,BUY,sup1,2024-07-26T15:45:00,18350.25,18425.25,2024-07-29T09:00:00,18527.4,TARGET,177.15000000000146,3915.0
175,BUY,res1,2024-07-29T11:40:00,18475.45,18550.45,2024-07-29T14:15:00,18442.45,STOP_LOSS,-33.0,155.0
176,BUY,sup1,2024-07-30T10:30:00,18343.55,18418.55,2024-07-30T14:45:00,18418.55,TARGET,75.0,255.0
177,BUY,sup1,2024-07-31T16:20:00,18504.55,18579.55,2024-08-01T09:00:00,18398.1,STOP_LOSS,-106.45000000000073,1000.0
178,BUY,sup1,2024-08-01T15:05:00,18307.65,18382.65,2024-08-01T15:20:00,18287.65,STOP_LOSS,-20.0,15.0
179,BUY,sup1,2024-08-02T14:00:00,17796.25,17871.25,2024-08-02T14:30:00,17721.75,STOP_LOSS,-74.5,30.0
180,BUY,sup1,2024-08-02T15:40:00,17751.75,17826.75,2024-08-05T09:00:00,17247.4,STOP_LOSS,-504.34999999999854,3920.0
181,BUY,res1,2024-08-05T15:50:00,17218.4,17293.4,2024-08-05T16:00:00,17307.9,TARGET,89.5,10.0
182,BUY,sup1,2024-08-06T13:50:00,17305.55,17380.55,2024-08-06T14:35:00,17249.05,STOP_LOSS,-56.5,45.0
183,BUY,sup1,2024-08-06T15:50:00,17296.55,17371.55,2024-08-07T09:00:00,17407.6,TARGET,111.04999999999927,1030.0
184,BUY,sup1,2024-08-08T10:35:00,17462.15,17537.15,2024-08-08T14:30:00,17554.65,TARGET,92.5,235.0
185,BUY,res1,2024-08-08T16:25:00,17621.15,17696.15,2024-08-09T09:35:00,17703.25,TARGET,82.09999999999854,1030.0
186,BUY,sup1,2024-08-09T12:25:00,17728.25,17803.25,2024-08-09T13:30:00,17706.25,STOP_LOSS,-22.0,65.0
187,BUY,sup1,2024-08-12T12:20:00,17712.95,17787.95,2024-08-12T15:45:00,17687.45,STOP_LOSS,-25.5,205.0
188,BUY,sup1,2024-08-13T11:25:00,17748.55,17823.55,2024-08-13T12:00:00,17724.55,STOP_LOSS,-24.0,35.0
189,BUY,res1,2024-08-13T14:05:00,17727.05,17802.05,2024-08-14T09:00:00,17876.1,TARGET,149.04999999999927,1135.0
190,BUY,sup1,2024-08-14T14:20:00,17883.65,17958.65,2024-08-14T14:35:00,17861.65,STOP_LOSS,-22.0,15.0
191,BUY,sup1,2024-08-14T14:45:00,17895.65,17970.65,2024-08-14T15:50:00,17848.15,STOP_LOSS,-47.5,65.0
192,BUY,sup1,2024-08-15T11:45:00,17939.15,18014.15,2024-08-15T12:20:00,17909.15,STOP_LOSS,-30.0,35.0
193,BUY,res1,2024-08-15T13:50:00,17952.65,18027.65,2024-08-15T14:30:00,18020.15,TARGET,67.5,40.0
194,BUY,res1,2024-08-16T10:05:00,18258.75,18333.75,2024-08-16T11:35:00,18336.75,TARGET,78.0,90.0
195,BUY,res1,2024-08-16T15:40:00,18278.75,18353.75,2024-08-19T12:45:00,18351.95,TARGET,73.20000000000073,4145.0
196,BUY,res1,2024-08-19T13:30:00,18361.95,18436.95,2024-08-19T16:25:00,18432.95,TARGET,71.0,175.0
197,BUY,sup1,2024-08-21T09:10:00,18369.65,18444.65,2024-08-21T13:05:00,18444.15,TARGET,74.5,235.0
198,BUY,sup1,2024-08-21T15:30:00,18452.65,18527.65,2024-08-21T15:40:00,18434.15,STOP_LOSS,-18.5,10.0
199,BUY,sup1,2024-08-22T09:05:00,18468.15,18543.15,2024-08-22T15:45:00,18534.15,TARGET,66.0,400.0
200,BUY,sup1,2024-08-22T16:25:00,18496.65,18571.65,2024-08-23T10:55:00,18570.75,TARGET,74.09999999999854,1110.0
201,BUY,sup1,2024-08-23T14:50:00,18600.25,18675.25,2024-08-23T15:00:00,18585.75,STOP_LOSS,-14.5,10.0
202,BUY,sup1,2024-08-23T15:35:00,18594.75,18669.75,2024-08-26T09:40:00,18559.45,STOP_LOSS,-35.29999999999927,3965.0
203,BUY,res1,2024-08-26T13:20:00,18603.45,18678.45,2024-08-27T10:30:00,18682.55,TARGET,79.09999999999854,1270.0
204,BUY,sup1,2024-08-27T16:05:00,18700.55,18775.55,2024-08-28T09:55:00,18774.65,TARGET,74.10000000000218,1070.0
205,BUY,sup1,2024-08-28T15:40:00,18830.15,18905.15,2024-08-29T09:00:00,18795.7,STOP_LOSS,-34.45000000000073,1040.0
206,BUY,sup1,2024-08-29T10:05:00,18817.15,18892.15,2024-08-29T11:05:00,18897.15,TARGET,80.0,60.0
207,BUY,sup1,2024-08-29T14:30:00,18913.15,18988.15,2024-08-29T15:40:00,18879.15,STOP_LOSS,-34.0,70.0
208,BUY,res1,2024-08-30T09:30:00,18912.25,18987.25,2024-09-02T09:10:00,18873.95,STOP_LOSS,-38.29999999999927,4300.0
209,BUY,sup1,2024-09-02T13:10:00,18882.95,18957.95,2024-09-03T09:00:00,18975.1,TARGET,92.14999999999782,1190.0
210,BUY,sup1,2024-09-03T11:25:00,18896.05,18971.05,2024-09-03T11:40:00,18874.05,STOP_LOSS,-22.0,15.0
211,BUY,res1,2024-09-04T11:45:00,18632.15,18707.15,2024-09-04T13:00:00,18597.15,STOP_LOSS,-35.0,75.0
212,BUY,sup1,2024-09-04T15:35:00,18619.15,18694.15,2024-09-04T16:00:00,18561.65,STOP_LOSS,-57.5,25.0
213,BUY,sup1,2024-09-04T16:10:00,18610.15,18685.15,2024-09-05T09:00:00,18514.2,STOP_LOSS,-95.95000000000073,1010.0
214,BUY,sup1,2024-09-05T09:30:00,18606.65,18681.65,2024-09-05T11:25:00,18564.15,STOP_LOSS,-42.5,115.0
215,BUY,sup1,2024-09-05T12:05:00,18623.65,18698.65,2024-09-05T14:25:00,18585.15,STOP_LOSS,-38.5,140.0
216,BUY,sup1,2024-09-05T15:40:00,18616.15,18691.15,2024-09-06T09:00:00,18540.2,STOP_LOSS,-75.95000000000073,1040.0
217,BUY,sup1,2024-09-06T11:25:00,18466.75,18541.75,2024-09-06T14:30:00,18527.25,TARGET,60.5,185.0
218,BUY,res1,2024-09-06T14:50:00,18546.25,18621.25,2024-09-06T16:25:00,18462.75,STOP_LOSS,-83.5,95.0
219,BUY,sup1,2024-09-09T10:30:00,18394.55,18469.55,2024-09-09T16:15:00,18477.55,TARGET,83.0,345.0
220,BUY,sup1,2024-09-10T13:00:00,18393.65,18468.65,2024-09-10T13:40:00,18345.65,STOP_LOSS,-48.0,40.0
221,BUY,res1,2024-09-11T14:50:00,18373.65,18448.65,2024-09-11T15:55:00,18346.65,STOP_LOSS,-27.0,65.0
222,BUY,sup1,2024-09-12T11:10:00,18557.75,18632.75,2024-09-12T14:35:00,18502.75,STOP_LOSS,-55.0,205.0
223,BUY,sup1,2024-09-13T11:35:00,18598.75,18673.75,2024-09-13T15:50:00,18673.75,TARGET,75.0,255.0
224,BUY,sup1,2024-09-16T10:20:00,18654.65,18729.65,2024-09-16T15:40:00,18613.15,STOP_LOSS,-41.5,320.0
225,BUY,res1,2024-09-17T09:00:00,18699.1,18774.1,2024-09-17T12:10:00,18782.15,TARGET,83.05000000000291,190.0
226,BUY,sup1,2024-09-18T11:25:00,18711.15,18786.15,2024-09-19T09:00:00,18881.0,TARGET,169.84999999999854,1295.0
227,BUY,res1,2024-09-19T10:50:00,18901.05,18976.05,2024-09-19T11:25:00,18970.05,TARGET,69.0,35.0
228,BUY,res1,2024-09-19T13:30:00,19002.05,19077.05,2024-09-19T15:50:00,18953.55,STOP_LOSS,-48.5,140.0
229,BUY,sup1,2024-09-19T16:00:00,18997.05,19072.05,2024-09-19T16:10:00,18968.55,STOP_LOSS,-28.5,10.0
230,BUY,sup1,2024-09-20T11:50:00,18816.55,18891.55,2024-09-20T15:40:00,18784.05,STOP_LOSS,-32.5,230.0
231,BUY,res1,2024-09-23T10:00:00,18796.75,18871.75,2024-09-23T10:40:00,18745.25,STOP_LOSS,-51.5,40.0
232,BUY,res1,2024-09-23T12:00:00,18800.25,18875.25,2024-09-24T09:00:00,18994.6,TARGET,194.34999999999854,1260.0
233,BUY,res1,2024-09-24T10:10:00,19022.65,19097.65,2024-09-24T11:20:00,18968.65,STOP_LOSS,-54.0,70.0
234,BUY,sup1,2024-09-24T11:30:00,18960.15,19035.15,2024-09-24T14:00:00,18938.15,STOP_LOSS,-22.0,150.0
235,BUY,sup1,2024-09-24T14:15:00,18960.65,19035.65,2024-09-24T14:30:00,18935.65,STOP_LOSS,-25.0,15.0
236,BUY,res1,2024-09-25T14:20:00,18952.55,19027.55,2024-09-25T15:10:00,18933.55,STOP_LOSS,-19.0,50.0
237,BUY,sup1,2024-09-26T12:30:00,19118.95,19193.95,2024-09-26T14:55:00,19196.45,TARGET,77.5,145.0
238,BUY,sup1,2024-09-27T10:25:00,19289.35,19364.35,2024-09-27T11:20:00,19360.85,TARGET,71.5,55.0
239,BUY,res1,2024-09-27T13:20:00,19415.35,19490.35,2024-09-30T10:50:00,19383.05,STOP_LOSS,-32.29999999999927,4170.0
240,BUY,sup1,2024-09-30T14:55:00,19337.05,19412.05,2024-10-01T09:00:00,19417.9,TARGET,80.85000000000218,1085.0
241,BUY,sup1,2024-10-01T12:15:00,19394.45,19469.45,2024-10-01T15:40:00,19312.95,STOP_LOSS,-81.5,205.0
242,BUY,res1,2024-10-02T14:40:00,19140.75,19215.75,2024-10-02T15:25:00,19105.25,STOP_LOSS,-35.5,45.0
243,BUY,sup1,2024-10-02T15:50:00,19122.75,19197.75,2024-10-03T09:15:00,19065.65,STOP_LOSS,-57.099999999998545,1045.0
244,BUY,sup1,2024-10-03T10:45:00,19014.65,19089.65,2024-10-03T13:05:00,19092.15,TARGET,77.5,140.0
245,BUY,res1,2024-10-04T11:45:00,19042.55,19117.55,2024-10-04T14:30:00,19097.55,TARGET,55.0,165.0
246,BUY,sup1,2024-10-07T11:15:00,19043.75,19118.75,2024-10-07T11:25:00,19017.25,STOP_LOSS,-26.5,10.0
247,BUY,sup1,2024-10-07T11:35:00,19046.25,19121.25,2024-10-07T14:45:00,19122.25,TARGET,76.0,190.0
248,BUY,sup1,2024-10-08T10:45:00,18971.15,19046.15,2024-10-08T12:15:00,19049.15,TARGET,78.0,90.0
249,BUY,sup1,2024-10-08T15:00:00,19086.15,19161.15,2024-10-08T16:15:00,19044.15,STOP_LOSS,-42.0,75.0
250,BUY,res1,2024-10-09T11:20:00,19085.05,19160.05,2024-10-09T15:50:00,19164.55,TARGET,79.5,270.0
251,BUY,sup1,2024-10-10T11:35:00,19204.95,19279.95,2024-10-10T14:10:00,19277.45,TARGET,72.5,155.0
252,SELL,res1,2024-10-10T14:30:00,19269.95,19194.95,2024-10-10T14:30:00,19223.95,TARGET,46.0,0.0
253,BUY,sup1,2024-10-11T11:00:00,19198.85,19273.85,2024-10-11T15:40:00,19273.85,TARGET,75.0,280.0
254,BUY,sup1,2024-10-14T12:00:00,19414.55,19489.55,2024-10-14T15:50:00,19501.55,TARGET,87.0,230.0
255,BUY,sup1,2024-10-15T15:10:00,19559.95,19634.95,2024-10-15T16:30:00,19531.45,STOP_LOSS,-28.5,80.0
256,BUY,sup1,2024-10-16T10:20:00,19464.35,19539.35,2024-10-16T11:00:00,19421.35,STOP_LOSS,-43.0,40.0
257,BUY,sup1,2024-10-16T14:00:00,19438.35,19513.35,2024-10-16T16:15:00,19513.35,TARGET,75.0,135.0
258,BUY,res1,2024-10-17T10:30:00,19560.75,19635.75,2024-10-17T15:10:00,19645.25,TARGET,84.5,280.0
259,BUY,sup1,2024-10-18T15:40:00,19624.65,19699.65,2024-10-21T11:15:00,19594.85,STOP_LOSS,-29.80000000000291,4055.0
260,BUY,sup1,2024-10-22T10:20:00,19558.75,19633.75,2024-10-22T10:55:00,19510.75,STOP_LOSS,-48.0,35.0
261,BUY,res1,2024-10-23T16:25:00,19421.65,19496.65,2024-10-24T09:55:00,19497.55,TARGET,75.89999999999782,1050.0
262,BUY,res1,2024-10-24T13:10:00,19518.55,19593.55,2024-10-24T14:40:00,19499.55,STOP_LOSS,-19.0,90.0
263,BUY,res1,2024-10-24T15:20:00,19551.55,19626.55,2024-10-24T15:25:00,19535.55,STOP_LOSS,-16.0,5.0
264,BUY,sup1,2024-10-25T10:30:00,19413.55,19488.55,2024-10-25T11:15:00,19493.55,TARGET,80.0,45.0
265,BUY,res1,2024-10-25T15:30:00,19481.55,19556.55,2024-10-25T15:40:00,19459.55,STOP_LOSS,-22.0,10.0
266,BUY,res1,2024-10-25T16:05:00,19470.05,19545.05,2024-10-28T09:40:00,19543.35,TARGET,73.29999999999927,3935.0
267,BUY,sup1,2024-10-31T11:45:00,19160.55,19235.55,2024-10-31T14:50:00,19118.55,STOP_LOSS,-42.0,185.0
268,BUY,res1,2024-11-01T12:25:00,19188.45,19263.45,2024-11-01T16:05:00,19261.95,TARGET,73.5,220.0
269,BUY,sup1,2024-11-04T09:30:00,19250.65,19325.65,2024-11-04T09:45:00,19218.15,STOP_LOSS,-32.5,15.0
270,BUY,sup1,2024-11-04T10:10:00,19247.65,19322.65,2024-11-04T14:25:00,19213.65,STOP_LOSS,-34.0,255.0
271,BUY,sup1,2024-11-05T12:35:00,19180.55,19255.55,2024-11-06T09:00:00,19345.5,TARGET,164.95000000000073,1225.0
272,BUY,sup1,2024-11-07T12:20:00,19277.35,19352.35,2024-11-07T15:20:00,19357.35,TARGET,80.0,180.0
273,BUY,res1,2024-11-11T11:20:00,19460.95,19535.95,2024-11-11T14:50:00,19537.95,TARGET,77.0,210.0
274,BUY,sup1,2024-11-11T15:35:00,19497.45,19572.45,2024-11-11T16:10:00,19474.45,STOP_LOSS,-23.0,35.0
275,BUY,sup1,2024-11-13T11:50:00,19070.25,19145.25,2024-11-13T12:30:00,19041.75,STOP_LOSS,-28.5,40.0
276,BUY,res1,2024-11-14T12:30:00,19230.15,19305.15,2024-11-15T09:00:00,19148.6,STOP_LOSS,-81.55000000000291,1230.0
277,BUY,res1,2024-11-15T11:55:00,19277.55,19352.55,2024-11-15T12:10:00,19253.05,STOP_LOSS,-24.5,15.0
278,BUY,res1,2024-11-15T13:50:00,19260.55,19335.55,2024-11-15T14:05:00,19231.55,STOP_LOSS,-29.0,15.0
279,BUY,res1,2024-11-15T15:40:00,19221.55,19296.55,2024-11-15T16:10:00,19205.55,STOP_LOSS,-16.0,30.0
280,BUY,sup1,2024-11-15T16:15:00,19235.05,19310.05,2024-11-18T10:05:00,19182.35,STOP_LOSS,-52.70000000000073,3950.0
281,BUY,sup1,2024-11-18T15:35:00,19131.85,19206.85,2024-11-19T09:05:00,19210.75,TARGET,78.90000000000146,1050.0
282,BUY,res1,2024-11-19T09:20:00,19168.75,19243.75,2024-11-19T09:30:00,19129.25,STOP_LOSS,-39.5,10.0
283,BUY,res1,2024-11-19T13:30:00,18994.25,19069.25,2024-11-19T13:35:00,18967.75,STOP_LOSS,-26.5,5.0
284,BUY,res1,2024-11-20T13:55:00,19147.15,19222.15,2024-11-20T15:05:00,19108.15,STOP_LOSS,-39.0,70.0
285,BUY,sup1,2024-11-21T09:55:00,19012.05,19087.05,2024-11-21T10:10:00,18951.05,STOP_LOSS,-61.0,15.0
286,BUY,sup1,2024-11-21T11:00:00,18980.55,19055.55,2024-11-21T12:20:00,19051.05,TARGET,70.5,80.0
287,BUY,res1,2024-11-21T13:40:00,19072.55,19147.55,2024-11-21T13:55:00,19042.55,STOP_LOSS,-30.0,15.0
288,BUY,sup1,2024-11-21T14:00:00,19043.55,19118.55,2024-11-21T15:35:00,19016.05,STOP_LOSS,-27.5,95.0
289,BUY,res1,2024-11-22T15:40:00,19290.95,19365.95,2024-11-25T09:00:00,19462.2,TARGET,171.25,3920.0
290,BUY,res1,2024-11-25T13:50:00,19380.65,19455.65,2024-11-26T09:00:00,19296.6,STOP_LOSS,-84.05000000000291,1150.0
291,BUY,res1,2024-11-26T12:45:00,19331.55,19406.55,2024-11-26T16:10:00,19290.55,STOP_LOSS,-41.0,205.0
292,BUY,res1,2024-11-27T12:55:00,19205.45,19280.45,2024-11-28T09:00:00,19383.4,TARGET,177.95000000000073,1205.0
293,BUY,sup1,2024-11-28T12:55:00,19394.35,19469.35,2024-11-28T13:05:00,19377.35,STOP_LOSS,-17.0,10.0
294,BUY,sup1,2024-11-28T13:15:00,19386.85,19461.85,2024-11-28T14:35:00,19348.85,STOP_LOSS,-38.0,80.0
295,BUY,res1,2024-11-28T15:10:00,19407.45,19482.45,2024-11-29T09:00:00,19394.3,STOP_LOSS,-13.150000000001455,1070.0
296,BUY,res1,2024-11-29T09:05:00,19407.75,19482.75,2024-11-29T10:20:00,19383.25,STOP_LOSS,-24.5,75.0
297,BUY,res1,2024-11-29T11:15:00,19425.25,19500.25,2024-11-29T13:00:00,19502.75,TARGET,77.5,105.0
298,BUY,res1,2024-12-02T10:10:00,19616.55,19691.55,2024-12-02T11:15:00,19720.05,TARGET,103.5,65.0
299,BUY,res1,2024-12-02T12:10:00,19762.05,19837.05,2024-12-02T13:00:00,19835.05,TARGET,73.0,50.0
300,BUY,sup1,2024-12-02T15:15:00,19868.05,19943.05,2024-12-02T15:55:00,19834.55,STOP_LOSS,-33.5,40.0
301,BUY,res1,2024-12-04T13:00:00,20218.85,20293.85,2024-12-04T13:35:00,20194.85,STOP_LOSS,-24.0,35.0
302,BUY,sup1,2024-12-04T13:55:00,20177.85,20252.85,2024-12-04T14:05:00,20146.85,STOP_LOSS,-31.0,10.0
303,BUY,sup1,2024-12-05T13:35:00,20299.75,20374.75,2024-12-06T09:35:00,20375.65,TARGET,75.90000000000146,1200.0
304,BUY,res1,2024-12-06T14:30:00,20416.75,20491.75,2024-12-06T15:40:00,20391.65,STOP_LOSS,-25.099999999998545,70.0
305,BUY,res1,2024-12-09T13:25:00,20383.85,20458.85,2024-12-10T09:00:00,20296.7,STOP_LOSS,-87.14999999999782,1175.0
306,BUY,res1,2024-12-10T12:25:00,20364.25,20439.25,2024-12-11T09:00:00,20319.1,STOP_LOSS,-45.150000000001455,1235.0
307,BUY,sup1,2024-12-11T12:30:00,20344.15,20419.15,2024-12-12T09:00:00,20420.0,TARGET,75.84999999999854,1230.0
308,BUY,sup1,2024-12-12T13:05:00,20410.55,20485.55,2024-12-13T09:25:00,20501.85,TARGET,91.29999999999927,1220.0
309,SELL,res1,2024-12-16T12:00:00,20352.15,20277.15,2024-12-17T09:00:00,20287.5,TARGET,64.65000000000146,1260.0
310,BUY,res1,2024-12-17T12:20:00,20355.55,20430.55,2024-12-17T12:55:00,20318.05,STOP_LOSS,-37.5,35.0
311,BUY,sup1,2024-12-19T11:15:00,20052.55,20127.55,2024-12-19T11:40:00,20011.05,STOP_LOSS,-41.5,25.0
312,BUY,sup1,2024-12-20T11:05:00,19738.85,19813.85,2024-12-20T11:20:00,19702.35,STOP_LOSS,-36.5,15.0
313,BUY,res1,2024-12-20T15:45:00,19759.85,19834.85,2024-12-20T16:30:00,19849.85,TARGET,90.0,45.0
314,BUY,res1,2024-12-23T10:10:00,19868.85,19943.85,2024-12-23T14:55:00,19813.85,STOP_LOSS,-55.0,285.0
315,BUY,sup1,2024-12-23T16:15:00,19824.85,19899.85,2024-12-27T09:05:00,19800.45,STOP_LOSS,-24.399999999997817,5330.0
316,BUY,sup1,2024-12-30T10:00:00,19904.95,19979.95,2024-12-30T14:15:00,19842.95,STOP_LOSS,-62.0,255.0
317,BUY,sup1,2025-01-02T09:05:00,19954.85,20029.85,2025-01-02T09:30:00,19900.35,STOP_LOSS,-54.5,25.0
318,BUY,res1,2025-01-02T16:10:00,19945.85,20020.85,2025-01-02T16:30:00,19920.35,STOP_LOSS,-25.5,20.0
319,BUY,res1,2025-01-03T09:00:00,19975.5,20050.5,2025-01-03T09:35:00,19921.55,STOP_LOSS,-53.95000000000073,35.0
320,BUY,sup1,2025-01-06T12:10:00,19981.95,20056.95,2025-01-06T12:20:00,20095.95,TARGET,114.0,10.0
321,BUY,sup1,2025-01-06T16:30:00,20113.95,20188.95,2025-01-07T09:00:00,20191.1,TARGET,77.14999999999782,990.0
322,BUY,res1,2025-01-07T10:00:00,20203.15,20278.15,2025-01-07T12:15:00,20271.15,TARGET,68.0,135.0
323,BUY,sup1,2025-01-07T13:35:00,20276.15,20351.15,2025-01-07T15:10:00,20348.15,TARGET,72.0,95.0
324,BUY,sup1,2025-01-08T09:05:00,20308.75,20383.75,2025-01-08T09:40:00,20382.25,TARGET,73.5,35.0
325,BUY,res1,2025-01-08T11:00:00,20383.25,20458.25,2025-01-08T12:10:00,20458.75,TARGET,75.5,70.0
326,BUY,sup1,2025-01-09T09:15:00,20260.45,20335.45,2025-01-09T14:45:00,20333.45,TARGET,73.0,330.0
327,BUY,sup1,2025-01-10T10:30:00,20299.05,20374.05,2025-01-10T12:35:00,20372.55,TARGET,73.5,125.0
328,BUY,res1,2025-01-10T12:40:00,20380.05,20455.05,2025-01-10T13:05:00,20356.55,STOP_LOSS,-23.5,25.0
329,BUY,sup1,2025-01-13T12:35:00,20061.05,20136.05,2025-01-13T16:20:00,20137.05,TARGET,76.0,225.0
330,BUY,res1,2025-01-14T09:00:00,20205.2,20280.2,2025-01-14T11:40:00,20278.25,TARGET,73.04999999999927,160.0
331,BUY,res1,2025-01-14T14:10:00,20275.25,20350.25,2025-01-14T14:25:00,20260.75,STOP_LOSS,-14.5,15.0
332,BUY,res1,2025-01-15T11:35:00,20381.85,20456.85,2025-01-15T14:30:00,20530.85,TARGET,149.0,175.0
333,BUY,res1,2025-01-16T12:55:00,20615.05,20690.05,2025-01-16T16:00:00,20585.55,STOP_LOSS,-29.5,185.0
334,BUY,sup1,2025-01-17T12:00:00,20841.65,20916.65,2025-01-17T13:05:00,20825.15,STOP_LOSS,-16.5,65.0
335,BUY,sup1,2025-01-17T14:10:00,20854.65,20929.65,2025-01-20T14:30:00,20901.65,TARGET,47.0,4340.0
336,BUY,sup1,2025-01-21T12:35:00,20959.85,21034.85,2025-01-22T09:00:00,21163.5,TARGET,203.65000000000146,1225.0
337,BUY,res1,2025-01-22T11:55:00,21273.95,21348.95,2025-01-22T16:10:00,21250.45,STOP_LOSS,-23.5,255.0
338,BUY,sup1,2025-01-23T10:05:00,21264.15,21339.15,2025-01-23T14:35:00,21339.65,TARGET,75.5,270.0
339,BUY,sup1,2025-01-24T10:30:00,21487.75,21562.75,2025-01-24T13:40:00,21430.75,STOP_LOSS,-57.0,190.0
340,BUY,sup1,2025-01-27T12:15:00,21144.25,21219.25,2025-01-27T14:10:00,21216.25,TARGET,72.0,115.0
341,BUY,res1,2025-01-28T13:35:00,21430.95,21505.95,2025-01-28T15:45:00,21401.45,STOP_LOSS,-29.5,130.0
342,BUY,sup1,2025-01-28T16:20:00,21414.45,21489.45,2025-01-29T09:00:00,21496.6,TARGET,82.14999999999782,1000.0
343,BUY,res1,2025-01-29T10:45:00,21552.05,21627.05,2025-01-29T15:25:00,21630.55,TARGET,78.5,280.0
344,BUY,res1,2025-01-30T12:40:00,21711.25,21786.25,2025-01-30T13:15:00,21684.75,STOP_LOSS,-26.5,35.0
345,BUY,sup1,2025-01-30T13:25:00,21689.25,21764.25,2025-01-31T09:00:00,21773.9,TARGET,84.65000000000146,1175.0
346,BUY,res1,2025-01-31T10:30:00,21791.35,21866.35,2025-01-31T15:50:00,21721.85,STOP_LOSS,-69.5,320.0
347,BUY,sup1,2025-02-03T11:10:00,21310.35,21385.35,2025-02-03T12:10:00,21384.35,TARGET,74.0,60.0
348,BUY,res1,2025-02-03T16:25:00,21433.35,21508.35,2025-02-04T09:40:00,21341.55,STOP_LOSS,-91.79999999999927,1035.0
349,BUY,sup1,2025-02-04T09:50:00,21308.55,21383.55,2025-02-04T10:00:00,21387.05,TARGET,78.5,10.0
350,BUY,sup1,2025-02-04T15:55:00,21490.55,21565.55,2025-02-05T09:00:00,21423.7,STOP_LOSS,-66.84999999999854,1025.0
351,BUY,sup1,2025-02-05T11:00:00,21418.15,21493.15,2025-02-05T12:20:00,21493.65,TARGET,75.5,80.0
352,BUY,res1,2025-02-06T15:15:00,21793.35,21868.35,2025-02-06T16:10:00,21880.85,TARGET,87.5,55.0
353,BUY,res1,2025-02-11T09:35:00,21937.85,22012.85,2025-02-11T10:25:00,21918.85,STOP_LOSS,-19.0,50.0
354,BUY,sup1,2025-02-11T10:30:00,21923.85,21998.85,2025-02-11T14:40:00,22004.85,TARGET,81.0,250.0
355,BUY,res1,2025-02-12T09:00:00,22105.5,22180.5,2025-02-12T14:30:00,21992.45,STOP_LOSS,-113.04999999999927,330.0
356,BUY,sup1,2025-02-12T15:15:00,22061.95,22136.95,2025-02-12T16:25:00,22145.95,TARGET,84.0,70.0
357,BUY,sup1,2025-02-14T14:10:00,22531.75,22606.75,2025-02-14T16:15:00,22493.75,STOP_LOSS,-38.0,125.0
358,BUY,res1,2025-02-17T10:10:00,22593.75,22668.75,2025-02-17T10:45:00,22666.75,TARGET,73.0,35.0
359,BUY,sup1,2025-02-17T12:00:00,22686.25,22761.25,2025-02-17T16:00:00,22765.75,TARGET,79.5,240.0
360,BUY,res1,2025-02-18T13:35:00,22794.95,22869.95,2025-02-19T09:00:00,22876.1,TARGET,81.14999999999782,1165.0
361,BUY,res1,2025-02-20T10:30:00,22553.25,22628.25,2025-02-20T14:20:00,22483.25,STOP_LOSS,-70.0,230.0
362,BUY,res1,2025-02-21T11:50:00,22350.35,22425.35,2025-02-21T15:40:00,22272.35,STOP_LOSS,-78.0,230.0
363,BUY,res1,2025-02-24T12:35:00,22503.45,22578.45,2025-02-24T13:00:00,22457.95,STOP_LOSS,-45.5,25.0
364,BUY,sup1,2025-02-24T13:25:00,22446.95,22521.95,2025-02-24T15:35:00,22391.95,STOP_LOSS,-55.0,130.0
365,BUY,sup1,2025-02-25T12:30:00,22441.05,22516.05,2025-02-25T14:30:00,22512.55,TARGET,71.5,120.0
366,BUY,res1,2025-02-26T12:35:00,22721.25,22796.25,2025-02-26T13:30:00,22796.25,TARGET,75.0,55.0
367,BUY,res1,2025-02-26T14:25:00,22803.25,22878.25,2025-02-26T14:50:00,22785.25,STOP_LOSS,-18.0,25.0
368,BUY,res1,2025-02-27T12:10:00,22604.85,22679.85,2025-02-27T14:50:00,22512.35,STOP_LOSS,-92.5,160.0
369,BUY,res1,2025-02-28T11:40:00,22486.45,22561.45,2025-02-28T12:45:00,22455.45,STOP_LOSS,-31.0,65.0
370,BUY,sup1,2025-02-28T14:30:00,22408.95,22483.95,2025-02-28T16:00:00,22491.45,TARGET,82.5,90.0
371,BUY,res1,2025-02-28T16:10:00,22488.95,22563.95,2025-03-03T09:00:00,22651.6,TARGET,162.64999999999782,3890.0
372,BUY,res1,2025-03-03T11:30:00,22773.05,22848.05,2025-03-03T13:00:00,22869.05,TARGET,96.0,90.0
373,BUY,res1,2025-03-03T15:05:00,23255.55,23330.55,2025-03-03T16:05:00,23127.55,STOP_LOSS,-128.0,60.0
374,BUY,sup1,2025-03-05T13:30:00,23064.35,23139.35,2025-03-05T14:10:00,23150.85,TARGET,86.5,40.0
375,BUY,sup1,2025-03-06T12:15:00,23129.45,23204.45,2025-03-06T12:45:00,23225.95,TARGET,96.5,30.0
376,BUY,res1,2025-03-06T13:30:00,23178.45,23253.45,2025-03-06T13:40:00,23128.95,STOP_LOSS,-49.5,10.0
377,BUY,sup1,2025-03-06T15:40:00,23156.95,23231.95,2025-03-06T15:50:00,23278.45,TARGET,121.5,10.0
378,BUY,res1,2025-03-06T16:05:00,23303.45,23378.45,2025-03-07T09:00:00,23159.6,STOP_LOSS,-143.85000000000218,1015.0
379,BUY,sup1,2025-03-07T09:05:00,23183.55,23258.55,2025-03-07T09:35:00,23077.55,STOP_LOSS,-106.0,30.0
380,BUY,sup1,2025-03-07T12:30:00,23064.05,23139.05,2025-03-07T13:25:00,22995.55,STOP_LOSS,-68.5,55.0
381,BUY,sup1,2025-03-10T10:25:00,22890.75,22965.75,2025-03-10T11:15:00,22848.25,STOP_LOSS,-42.5,50.0
382,BUY,sup1,2025-03-10T13:00:00,22823.75,22898.75,2025-03-10T13:15:00,22677.75,STOP_LOSS,-146.0,15.0
383,BUY,sup1,2025-03-11T12:40:00,22696.85,22771.85,2025-03-11T13:10:00,22616.35,STOP_LOSS,-80.5,30.0
384,BUY,sup1,2025-03-11T13:40:00,22676.35,22751.35,2025-03-11T14:25:00,22625.85,STOP_LOSS,-50.5,45.0
385,BUY,sup1,2025-03-13T09:50:00,22540.05,22615.05,2025-03-13T10:25:00,22628.55,TARGET,88.5,35.0
386,BUY,sup1,2025-03-13T14:00:00,22517.55,22592.55,2025-03-13T14:25:00,22605.05,TARGET,87.5,25.0
387,BUY,res1,2025-03-14T09:25:00,22592.35,22667.35,2025-03-14T09:30:00,22670.85,TARGET,78.5,5.0
388,BUY,res1,2025-03-14T11:10:00,22709.85,22784.85,2025-03-14T11:45:00,22804.35,TARGET,94.5,35.0
389,BUY,res1,2025-03-17T09:25:00,23026.95,23101.95,2025-03-17T10:25:00,22940.95,STOP_LOSS,-86.0,60.0
390,BUY,res1,2025-03-17T14:35:00,23081.95,23156.95,2025-03-18T09:00:00,23269.8,TARGET,187.84999999999854,1105.0
391,BUY,res1,2025-03-18T10:25:00,23416.85,23491.85,2025-03-18T11:15:00,23383.85,STOP_LOSS,-33.0,50.0
392,BUY,sup1,2025-03-18T12:50:00,23428.85,23503.85,2025-03-18T14:30:00,23353.85,STOP_LOSS,-75.0,100.0
393,BUY,sup1,2025-03-19T10:25:00,23293.55,23368.55,2025-03-19T13:20:00,23217.55,STOP_LOSS,-76.0,175.0
394,BUY,res1,2025-03-19T16:10:00,23260.05,23335.05,2025-03-20T09:45:00,23218.25,STOP_LOSS,-41.79999999999927,1055.0
395,BUY,sup1,2025-03-20T15:00:00,22949.75,23024.75,2025-03-21T09:00:00,22889.5,STOP_LOSS,-60.25,1080.0
396,BUY,sup1,2025-03-21T13:05:00,22819.55,22894.55,2025-03-21T13:40:00,22765.05,STOP_LOSS,-54.5,35.0
397,BUY,sup1,2025-03-21T15:45:00,22750.55,22825.55,2025-03-21T16:00:00,22833.55,TARGET,83.0,15.0
398,BUY,res1,2025-03-25T09:45:00,22947.05,23022.05,2025-03-25T11:25:00,23021.55,TARGET,74.5,100.0
399,BUY,sup1,2025-03-25T16:00:00,23053.05,23128.05,2025-03-26T09:00:00,23191.8,TARGET,138.75,1020.0
400,BUY,sup1,2025-03-26T13:45:00,22996.35,23071.35,2025-03-26T14:25:00,22941.85,STOP_LOSS,-54.5,40.0
401,BUY,res1,2025-03-27T15:35:00,22660.55,22735.55,2025-03-28T09:00:00,22561.8,STOP_LOSS,-98.75,1045.0
402,BUY,sup1,2025-03-31T10:40:00,22219.55,22294.55,2025-03-31T11:55:00,22120.55,STOP_LOSS,-99.0,75.0
403,BUY,sup1,2025-03-31T14:25:00,22017.55,22092.55,2025-03-31T14:45:00,22078.55,TARGET,61.0,20.0
404,BUY,sup1,2025-04-01T12:40:00,22355.85,22430.85,2025-04-01T14:10:00,22440.35,TARGET,84.5,90.0
405,BUY,sup1,2025-04-01T16:25:00,22357.35,22432.35,2025-04-02T09:00:00,22457.1,TARGET,99.75,995.0
406,BUY,sup1,2025-04-03T15:10:00,21886.85,21961.85,2025-04-03T16:10:00,21755.85,STOP_LOSS,-131.0,60.0
407,BUY,sup1,2025-04-07T14:30:00,19805.9,19880.9,2025-04-07T14:55:00,19997.15,TARGET,191.25,25.0
408,BUY,sup1,2025-04-07T15:50:00,19753.9,19828.9,2025-04-07T15:50:00,19799.9,TARGET,46.0,0.0
409,BUY,res1,2025-04-07T16:10:00,19929.05,20004.05,2025-04-07T16:10:00,20163.4,TARGET,234.35000000000218,0.0
410,BUY,sup1,2025-04-08T12:35:00,20002.4,20077.4,2025-04-08T13:00:00,20080.25,TARGET,77.84999999999854,25.0
411,BUY,sup1,2025-04-08T15:10:00,20341.35,20416.35,2025-04-08T16:25:00,20413.1,TARGET,71.75,75.0
412,BUY,sup1,2025-04-09T12:40:00,19633.8,19708.8,2025-04-09T12:50:00,19736.9,TARGET,103.10000000000218,10.0
413,BUY,res1,2025-04-09T16:00:00,19767.4,19842.4,2025-04-09T16:00:00,19839.4,TARGET,72.0,0.0
414,BUY,sup1,2025-04-10T12:10:00,20744.6,20819.6,2025-04-10T14:40:00,20611.1,STOP_LOSS,-133.5,150.0
415,BUY,sup1,2025-04-10T15:50:00,20660.1,20735.1,2025-04-11T09:00:00,20790.3,TARGET,130.20000000000073,1030.0
416,BUY,sup1,2025-04-11T09:35:00,20634.3,20709.3,2025-04-11T09:50:00,20536.8,STOP_LOSS,-97.5,15.0
417,BUY,res1,2025-04-14T10:15:00,20854.7,20929.7,2025-04-14T14:40:00,20927.85,TARGET,73.14999999999782,265.0
418,BUY,res1,2025-04-14T16:05:00,20968.1,21043.1,2025-04-15T09:00:00,21041.4,TARGET,73.30000000000291,1015.0
419,BUY,sup1,2025-04-16T12:05:00,21143.7,21218.7,2025-04-17T09:00:00,21401.4,TARGET,257.7000000000007,1255.0
420,BUY,sup1,2025-04-17T11:20:00,21235.4,21310.4,2025-04-17T12:20:00,21177.4,STOP_LOSS,-58.0,60.0
421,BUY,sup1,2025-04-17T14:00:00,21180.4,21255.4,2025-04-22T09:05:00,21129.2,STOP_LOSS,-51.20000000000073,6905.0
422,BUY,sup1,2025-04-22T14:15:00,21110.75,21185.75,2025-04-22T15:45:00,21176.2,TARGET,65.45000000000073,90.0
423,BUY,sup1,2025-04-23T15:15:00,21791.45,21866.45,2025-04-23T15:40:00,21885.5,TARGET,94.04999999999927,25.0
424,BUY,sup1,2025-04-24T13:50:00,21898.7,21973.7,2025-04-24T16:05:00,21977.15,TARGET,78.45000000000073,135.0
425,BUY,res1,2025-04-25T11:50:00,22223.6,22298.6,2025-04-28T09:00:00,22338.9,TARGET,115.30000000000291,4150.0
426,BUY,res1,2025-04-28T11:15:00,22395.9,22470.9,2025-04-28T13:00:00,22357.95,STOP_LOSS,-37.95000000000073,105.0
427,BUY,sup1,2025-04-28T16:05:00,22401.95,22476.95,2025-04-29T15:05:00,22338.15,STOP_LOSS,-63.79999999999927,1380.0
428,BUY,res1,2025-04-29T16:05:00,22429.65,22504.65,2025-04-29T16:30:00,22401.65,STOP_LOSS,-28.0,25.0
429,BUY,sup1,2025-05-02T11:50:00,22856.85,22931.85,2025-05-02T14:30:00,22953.35,TARGET,96.5,160.0
430,BUY,res1,2025-05-02T16:25:00,23053.35,23128.35,2025-05-05T09:25:00,23131.75,TARGET,78.40000000000146,3900.0
431,BUY,res1,2025-05-05T12:40:00,23210.75,23285.75,2025-05-05T14:45:00,23290.25,TARGET,79.5,125.0
432,BUY,res1,2025-05-05T16:30:00,23317.25,23392.25,2025-05-06T09:00:00,23411.0,TARGET,93.75,990.0
433,BUY,res1,2025-05-08T09:05:00,23262.95,23337.95,2025-05-08T10:20:00,23340.95,TARGET,78.0,75.0
434,BUY,res1,2025-05-08T10:50:00,23322.95,23397.95,2025-05-08T12:00:00,23387.95,TARGET,65.0,70.0
435,BUY,sup1,2025-05-13T09:10:00,23581.25,23656.25,2025-05-13T10:10:00,23542.25,STOP_LOSS,-39.0,60.0
436,BUY,sup1,2025-05-13T12:00:00,23580.75,23655.75,2025-05-14T09:05:00,23670.05,TARGET,89.29999999999927,1265.0
437,BUY,sup1,2025-05-14T09:55:00,23603.55,23678.55,2025-05-14T10:35:00,23550.55,STOP_LOSS,-53.0,40.0
438,BUY,res1,2025-05-14T13:50:00,23517.05,23592.05,2025-05-14T14:45:00,23588.05,TARGET,71.0,55.0
439,BUY,sup1,2025-05-14T16:05:00,23540.05,23615.05,2025-05-14T16:15:00,23497.05,STOP_LOSS,-43.0,10.0
440,BUY,sup1,2025-05-15T11:50:00,23441.75,23516.75,2025-05-15T13:35:00,23521.75,TARGET,80.0,105.0
441,BUY,sup1,2025-05-16T12:10:00,23820.95,23895.95,2025-05-16T13:30:00,23791.95,STOP_LOSS,-29.0,80.0
442,BUY,res1,2025-05-19T14:35:00,23729.85,23804.85,2025-05-19T15:15:00,23711.35,STOP_LOSS,-18.5,40.0
443,BUY,res1,2025-05-20T11:35:00,23982.55,24057.55,2025-05-20T15:10:00,24056.05,TARGET,73.5,215.0
444,BUY,res1,2025-05-20T15:20:00,24047.05,24122.05,2025-05-20T15:50:00,24028.05,STOP_LOSS,-19.0,30.0
445,BUY,res1,2025-05-21T13:50:00,23975.25,24050.25,2025-05-21T14:15:00,23948.25,STOP_LOSS,-27.0,25.0
446,BUY,res1,2025-05-21T15:35:00,24012.75,24087.75,2025-05-21T16:05:00,24106.75,TARGET,94.0,30.0
447,BUY,sup1,2025-05-22T11:30:00,23912.05,23987.05,2025-05-22T13:50:00,23856.55,STOP_LOSS,-55.5,140.0
448,BUY,sup1,2025-05-23T15:20:00,23409.25,23484.25,2025-05-23T15:30:00,23500.25,TARGET,91.0,10.0
449,BUY,res1,2025-05-23T15:35:00,23550.25,23625.25,2025-05-26T09:00:00,24002.2,TARGET,451.9500000000007,3925.0
450,BUY,sup1,2025-05-26T11:45:00,23977.15,24052.15,2025-05-26T14:40:00,23934.15,STOP_LOSS,-43.0,175.0
451,BUY,sup1,2025-05-26T16:10:00,23960.15,24035.15,2025-05-27T09:05:00,24020.85,TARGET,60.69999999999709,1015.0
452,BUY,sup1,2025-05-27T13:25:00,24174.85,24249.85,2025-05-27T14:40:00,24156.35,STOP_LOSS,-18.5,75.0
453,BUY,sup1,2025-05-27T15:50:00,24167.35,24242.35,2025-05-27T16:20:00,24263.35,TARGET,96.0,30.0
454,BUY,sup1,2025-05-28T10:15:00,24258.55,24333.55,2025-05-28T10:50:00,24193.55,STOP_LOSS,-65.0,35.0
455,BUY,sup1,2025-05-28T12:25:00,24154.05,24229.05,2025-05-28T13:50:00,24099.05,STOP_LOSS,-55.0,85.0
456,BUY,sup1,2025-05-29T10:40:00,24099.25,24174.25,2025-05-29T14:00:00,24063.75,STOP_LOSS,-35.5,200.0
457,BUY,sup1,2025-05-30T11:20:00,24115.45,24190.45,2025-05-30T14:10:00,24025.95,STOP_LOSS,-89.5,170.0
458,BUY,sup1,2025-06-02T10:55:00,23896.55,23971.55,2025-06-02T16:00:00,23719.55,STOP_LOSS,-177.0,305.0
459,BUY,sup1,2025-06-03T09:00:00,24027.2,24102.2,2025-06-03T09:25:00,23812.45,STOP_LOSS,-214.75,25.0
460,BUY,sup1,2025-06-03T10:35:00,23871.75,23946.75,2025-06-03T11:05:00,23951.75,TARGET,80.0,30.0
461,BUY,sup1,2025-06-03T13:40:00,23941.75,24016.75,2025-06-03T14:20:00,23917.25,STOP_LOSS,-24.5,40.0
462,BUY,res1,2025-06-03T15:05:00,23977.75,24052.75,2025-06-03T15:25:00,23941.25,STOP_LOSS,-36.5,20.0
463,BUY,res1,2025-06-03T15:40:00,23976.25,24051.25,2025-06-04T09:00:00,24221.4,TARGET,245.15000000000146,1040.0
464,BUY,sup1,2025-06-04T11:15:00,24310.85,24385.85,2025-06-04T12:00:00,24237.85,STOP_LOSS,-73.0,45.0
465,BUY,sup1,2025-06-05T12:00:00,24344.55,24419.55,2025-06-05T13:10:00,24321.05,STOP_LOSS,-23.5,70.0
466,BUY,sup1,2025-06-05T14:15:00,24355.55,24430.55,2025-06-05T15:15:00,24293.05,STOP_LOSS,-62.5,60.0
467,BUY,sup1,2025-06-06T10:05:00,24233.75,24308.75,2025-06-06T15:35:00,24300.95,TARGET,67.20000000000073,330.0
468,BUY,res1,2025-06-06T15:40:00,24309.25,24384.25,2025-06-09T09:00:00,24229.4,STOP_LOSS,-79.84999999999854,3920.0
469,BUY,sup1,2025-06-09T10:55:00,24223.95,24298.95,2025-06-09T13:50:00,24133.45,STOP_LOSS,-90.5,175.0
470,BUY,res1,2025-06-09T15:45:00,24152.95,24227.95,2025-06-10T09:45:00,24100.25,STOP_LOSS,-52.70000000000073,1080.0
471,BUY,sup1,2025-06-10T09:55:00,24102.75,24177.75,2025-06-10T10:10:00,24084.25,STOP_LOSS,-18.5,15.0
472,BUY,res1,2025-06-10T13:15:00,24063.25,24138.25,2025-06-10T14:40:00,24049.55,STOP_LOSS,-13.700000000000728,85.0
473,BUY,sup1,2025-06-12T12:30:00,23630.75,23705.75,2025-06-12T12:55:00,23695.75,TARGET,65.0,25.0
474,BUY,sup1,2025-06-13T13:40:00,23449.05,23524.05,2025-06-13T13:50:00,23525.55,TARGET,76.5,10.0
475,BUY,sup1,2025-06-13T15:05:00,23425.25,23500.25,2025-06-16T09:00:00,23564.3,TARGET,139.04999999999927,3955.0
476,BUY,res1,2025-06-16T11:00:00,23604.05,23679.05,2025-06-16T11:20:00,23565.05,STOP_LOSS,-39.0,20.0
477,BUY,sup1,2025-06-16T15:55:00,23604.85,23679.85,2025-06-16T16:25:00,23678.85,TARGET,74.0,30.0
478,BUY,sup1,2025-06-17T12:35:00,23398.75,23473.75,2025-06-17T13:15:00,23481.25,TARGET,82.5,40.0
479,BUY,sup1,2025-06-19T12:20:00,23212.65,23287.65,2025-06-19T13:15:00,23154.65,STOP_LOSS,-58.0,55.0
480,BUY,sup1,2025-06-20T09:00:00,23167.1,23242.1,2025-06-20T09:30:00,23236.55,TARGET,69.45000000000073,30.0
481,BUY,res1,2025-06-20T13:05:00,23323.55,23398.55,2025-06-20T13:45:00,23402.35,TARGET,78.79999999999927,40.0
482,BUY,sup1,2025-06-23T09:20:00,23263.75,23338.75,2025-06-23T09:50:00,23331.25,TARGET,67.5,30.0
483,BUY,sup1,2025-06-23T12:05:00,23241.05,23316.05,2025-06-23T13:40:00,23167.25,STOP_LOSS,-73.79999999999927,95.0
484,BUY,res1,2025-06-24T11:00:00,23755.65,23830.65,2025-06-24T12:30:00,23694.65,STOP_LOSS,-61.0,90.0
485,BUY,sup1,2025-06-24T12:55:00,23727.15,23802.15,2025-06-25T10:30:00,23582.85,STOP_LOSS,-144.3000000000029,1295.0
486,BUY,sup1,2025-06-25T13:30:00,23537.55,23612.55,2025-06-25T16:00:00,23504.55,STOP_LOSS,-33.0,150.0
487,BUY,res1,2025-06-26T10:10:00,23649.25,23724.25,2025-06-26T13:45:00,23596.45,STOP_LOSS,-52.79999999999927,215.0
488,BUY,sup1,2025-06-26T16:30:00,23596.95,23671.95,2025-06-27T09:00:00,23843.9,TARGET,246.95000000000073,990.0
489,BUY,sup1,2025-06-27T13:20:00,23795.85,23870.85,2025-06-27T15:55:00,23886.85,TARGET,91.0,155.0
490,BUY,sup1,2025-06-30T12:50:00,23984.55,24059.55,2025-06-30T14:50:00,23970.05,STOP_LOSS,-14.5,120.0
491,BUY,sup1,2025-07-01T14:05:00,23788.45,23863.45,2025-07-01T14:20:00,23755.45,STOP_LOSS,-33.0,15.0
492,BUY,sup1,2025-07-01T15:40:00,23738.75,23813.75,2025-07-02T09:05:00,23797.85,TARGET,59.099999999998545,1045.0
493,BUY,sup1,2025-07-02T09:25:00,23753.15,23828.15,2025-07-02T14:20:00,23703.65,STOP_LOSS,-49.5,295.0
494,BUY,sup1,2025-07-03T14:30:00,23816.1,23891.1,2025-07-03T14:30:00,23869.55,TARGET,53.45000000000073,0.0
495,BUY,sup1,2025-07-04T13:00:00,23740.65,23815.65,2025-07-04T15:45:00,23822.65,TARGET,82.0,165.0
496,BUY,res1,2025-07-07T11:10:00,23884.65,23959.65,2025-07-07T12:55:00,23954.85,TARGET,70.19999999999709,105.0
497,BUY,sup1,2025-07-07T15:20:00,23963.85,24038.85,2025-07-07T16:00:00,24038.35,TARGET,74.5,40.0
498,BUY,res1,2025-07-08T11:45:00,24138.75,24213.75,2025-07-08T13:55:00,24107.75,STOP_LOSS,-31.0,130.0
499,BUY,sup1,2025-07-08T15:05:00,24137.75,24212.75,2025-07-08T15:55:00,24214.75,TARGET,77.0,50.0
500,BUY,res1,2025-07-08T16:20:00,24211.05,24286.05,2025-07-09T09:00:00,24292.7,TARGET,81.65000000000146,1000.0
501,BUY,res1,2025-07-09T13:50:00,24493.15,24568.15,2025-07-09T15:20:00,24569.15,TARGET,76.0,90.0
502,BUY,res1,2025-07-11T13:30:00,24243.45,24318.45,2025-07-11T14:25:00,24208.45,STOP_LOSS,-35.0,55.0
503,BUY,sup1,2025-07-14T10:15:00,24051.65,24126.65,2025-07-15T09:00:00,24205.8,TARGET,154.14999999999782,1365.0
504,BUY,sup1,2025-07-15T12:20:00,24211.85,24286.85,2025-07-15T13:25:00,24177.55,STOP_LOSS,-34.29999999999927,65.0
505,BUY,sup1,2025-07-15T14:25:00,24210.05,24285.05,2025-07-15T15:35:00,24180.05,STOP_LOSS,-30.0,70.0
506,BUY,res1,2025-07-16T13:45:00,24154.45,24229.45,2025-07-16T15:50:00,24123.45,STOP_LOSS,-31.0,125.0
507,BUY,sup1,2025-07-16T16:10:00,24165.45,24240.45,2025-07-16T16:20:00,24147.45,STOP_LOSS,-18.0,10.0
508,BUY,sup1,2025-07-17T09:00:00,24238.6,24313.6,2025-07-17T09:30:00,24314.85,TARGET,76.25,30.0
509,BUY,sup1,2025-07-17T14:00:00,24200.35,24275.35,2025-07-17T15:40:00,24274.85,TARGET,74.5,100.0
510,BUY,sup1,2025-07-18T14:50:00,24336.25,24411.25,2025-07-18T15:55:00,24307.75,STOP_LOSS,-28.5,65.0
511,BUY,sup1,2025-07-18T16:00:00,24314.75,24389.75,2025-07-18T16:25:00,24268.25,STOP_LOSS,-46.5,25.0
512,BUY,sup1,2025-07-21T10:00:00,24281.75,24356.75,2025-07-21T12:05:00,24248.95,STOP_LOSS,-32.79999999999927,125.0
513,BUY,sup1,2025-07-21T15:20:00,24241.95,24316.95,2025-07-22T09:10:00,24200.35,STOP_LOSS,-41.60000000000218,1070.0
514,BUY,sup1,2025-07-22T12:00:00,24101.15,24176.15,2025-07-22T12:20:00,24079.35,STOP_LOSS,-21.80000000000291,20.0
515,BUY,sup1,2025-07-23T09:00:00,24300.8,24375.8,2025-07-24T09:00:00,24489.2,TARGET,188.40000000000146,1440.0
516,BUY,sup1,2025-07-24T14:40:00,24370.15,24445.15,2025-07-24T15:05:00,24319.15,STOP_LOSS,-51.0,25.0
517,BUY,sup1,2025-07-25T14:10:00,24142.55,24217.55,2025-07-25T15:05:00,24093.05,STOP_LOSS,-49.5,55.0
518,BUY,sup1,2025-07-25T15:10:00,24118.55,24193.55,2025-07-28T09:00:00,24481.8,TARGET,363.25,3950.0
519,BUY,res1,2025-07-29T10:15:00,24191.25,24266.25,2025-07-29T12:00:00,24264.45,TARGET,73.20000000000073,105.0
520,BUY,res1,2025-07-29T12:20:00,24295.25,24370.25,2025-07-29T13:20:00,24250.75,STOP_LOSS,-44.5,60.0
521,BUY,sup1,2025-07-29T14:35:00,24253.25,24328.25,2025-07-30T09:00:00,24180.6,STOP_LOSS,-72.65000000000146,1105.0
522,BUY,sup1,2025-07-30T13:50:00,24253.65,24328.65,2025-07-31T09:00:00,24380.8,TARGET,127.14999999999782,1150.0
523,BUY,sup1,2025-08-01T13:30:00,23637.95,23712.95,2025-08-01T14:20:00,23606.95,STOP_LOSS,-31.0,50.0
524,BUY,res1,2025-08-04T10:15:00,23669.15,23744.15,2025-08-04T11:00:00,23744.15,TARGET,75.0,45.0
525,BUY,sup1,2025-08-04T12:50:00,23732.35,23807.35,2025-08-04T13:05:00,23699.35,STOP_LOSS,-33.0,15.0
526,BUY,sup1,2025-08-04T13:45:00,23725.85,23800.85,2025-08-04T16:10:00,23697.35,STOP_LOSS,-28.5,145.0
527,BUY,sup1,2025-08-05T11:25:00,23853.75,23928.75,2025-08-05T12:15:00,23931.55,TARGET,77.79999999999927,50.0
528,BUY,sup1,2025-08-05T13:55:00,23972.05,24047.05,2025-08-05T16:00:00,23905.55,STOP_LOSS,-66.5,125.0
529,BUY,res1,2025-08-06T09:15:00,23974.95,24049.95,2025-08-06T10:20:00,23929.95,STOP_LOSS,-45.0,65.0
530,BUY,sup1,2025-08-06T15:45:00,23864.95,23939.95,2025-08-07T09:00:00,23946.3,TARGET,81.34999999999854,1035.0
531,BUY,sup1,2025-08-07T14:30:00,24294.55,24369.55,2025-08-07T16:05:00,24240.55,STOP_LOSS,-54.0,95.0
532,BUY,sup1,2025-08-08T10:50:00,24126.25,24201.25,2025-08-08T13:15:00,24211.25,TARGET,85.0,145.0
533,BUY,res1,2025-08-08T14:55:00,24180.25,24255.25,2025-08-08T15:35:00,24144.45,STOP_LOSS,-35.79999999999927,40.0
534,BUY,sup1,2025-08-08T16:25:00,24183.25,24258.25,2025-08-11T09:00:00,24224.5,TARGET,41.25,3875.0
535,BUY,res1,2025-08-11T11:30:00,24115.75,24190.75,2025-08-11T12:40:00,24090.45,STOP_LOSS,-25.299999999999272,70.0
536,BUY,sup1,2025-08-11T12:55:00,24073.95,24148.95,2025-08-11T14:00:00,24154.75,TARGET,80.79999999999927,65.0
537,BUY,sup1,2025-08-11T16:10:00,24076.95,24151.95,2025-08-12T09:00:00,24150.9,TARGET,73.95000000000073,1010.0
538,BUY,sup1,2025-08-12T09:40:00,24087.85,24162.85,2025-08-12T11:25:00,24037.35,STOP_LOSS,-50.5,105.0
539,BUY,sup1,2025-08-12T14:25:00,23988.85,24063.85,2025-08-12T14:30:00,24062.15,TARGET,73.30000000000291,5.0
540,BUY,sup1,2025-08-12T16:30:00,24019.85,24094.85,2025-08-13T09:00:00,24158.5,TARGET,138.65000000000146,990.0
541,BUY,res1,2025-08-13T10:50:00,24221.05,24296.05,2025-08-13T15:15:00,24188.55,STOP_LOSS,-32.5,265.0
542,BUY,sup1,2025-08-14T11:15:00,24267.45,24342.45,2025-08-14T13:30:00,24344.45,TARGET,77.0,135.0
543,BUY,sup1,2025-08-14T14:40:00,24285.15,24360.15,2025-08-14T16:10:00,24357.45,TARGET,72.29999999999927,90.0
544,BUY,res1,2025-08-15T09:00:00,24502.1,24577.1,2025-08-15T16:15:00,24351.85,STOP_LOSS,-150.25,435.0
545,BUY,sup1,2025-08-18T10:20:00,24287.75,24362.75,2025-08-19T09:00:00,24365.2,TARGET,77.45000000000073,1360.0
546,BUY,sup1,2025-08-19T10:00:00,24301.65,24376.65,2025-08-19T10:50:00,24382.65,TARGET,81.0,50.0
547,BUY,sup1,2025-08-19T14:05:00,24371.15,24446.15,2025-08-19T15:25:00,24446.15,TARGET,75.0,80.0
548,BUY,res1,2025-08-20T11:05:00,24350.55,24425.55,2025-08-20T15:05:00,24310.05,STOP_LOSS,-40.5,240.0
549,BUY,sup1,2025-08-21T15:05:00,24211.95,24286.95,2025-08-21T16:10:00,24283.25,TARGET,71.29999999999927,65.0
550,BUY,sup1,2025-08-22T15:10:00,24290.85,24365.85,2025-08-22T16:00:00,24405.65,TARGET,114.80000000000291,50.0
551,BUY,sup1,2025-08-25T14:15:00,24311.05,24386.05,2025-08-26T09:00:00,24139.0,STOP_LOSS,-172.04999999999927,1125.0
552,BUY,res1,2025-08-26T15:00:00,24211.45,24286.45,2025-08-27T09:00:00,24169.9,STOP_LOSS,-41.54999999999927,1080.0
553,BUY,sup1,2025-08-27T14:20:00,24136.15,24211.15,2025-08-27T14:40:00,24103.85,STOP_LOSS,-32.30000000000291,20.0
554,BUY,sup1,2025-08-28T11:55:00,24057.75,24132.75,2025-08-28T12:10:00,24032.25,STOP_LOSS,-25.5,15.0
555,BUY,sup1,2025-08-29T09:05:00,24003.65,24078.65,2025-08-29T09:45:00,23974.95,STOP_LOSS,-28.700000000000728,40.0
556,BUY,sup1,2025-08-29T11:30:00,23929.65,24004.65,2025-08-29T13:50:00,24007.65,TARGET,78.0,140.0
557,BUY,sup1,2025-09-01T09:15:00,23993.15,24068.15,2025-09-02T09:10:00,23913.05,STOP_LOSS,-80.10000000000218,1435.0
558,BUY,res1,2025-09-03T11:40:00,23646.45,23721.45,2025-09-03T14:50:00,23615.75,STOP_LOSS,-30.700000000000728,190.0
559,BUY,res1,2025-09-04T12:10:00,23726.65,23801.65,2025-09-04T12:15:00,23784.65,TARGET,58.0,5.0
560,BUY,sup1,2025-09-04T16:20:00,23761.65,23836.65,2025-09-05T09:00:00,23870.5,TARGET,108.84999999999854,1000.0
561,BUY,sup1,2025-09-05T09:35:00,23787.75,23862.75,2025-09-05T15:55:00,23714.05,STOP_LOSS,-73.70000000000073,380.0
562,BUY,res1,2025-09-08T11:35:00,23773.35,23848.35,2025-09-08T12:50:00,23735.85,STOP_LOSS,-37.5,75.0
563,BUY,res1,2025-09-08T16:05:00,23741.35,23816.35,2025-09-09T09:00:00,23813.7,TARGET,72.35000000000218,1015.0
564,BUY,sup1,2025-09-09T10:20:00,23737.45,23812.45,2025-09-09T10:30:00,23715.25,STOP_LOSS,-22.200000000000728,10.0
565,BUY,sup1,2025-09-09T14:05:00,23697.25,23772.25,2025-09-09T15:05:00,23646.75,STOP_LOSS,-50.5,60.0
566,BUY,sup1,2025-09-10T14:30:00,23752.05,23827.05,2025-09-10T15:00:00,23724.55,STOP_LOSS,-27.5,30.0
567,BUY,res1,2025-09-11T12:45:00,23670.75,23745.75,2025-09-11T15:50:00,23734.95,TARGET,64.20000000000073,185.0
568,BUY,sup1,2025-09-12T11:25:00,23643.35,23718.35,2025-09-12T15:35:00,23711.35,TARGET,68.0,250.0
569,BUY,sup1,2025-09-17T10:25:00,23434.15,23509.15,2025-09-17T11:10:00,23379.45,STOP_LOSS,-54.70000000000073,45.0
570,BUY,res1,2025-09-18T10:25:00,23630.85,23705.85,2025-09-18T15:15:00,23590.35,STOP_LOSS,-40.5,290.0
571,BUY,res1,2025-09-18T16:20:00,23656.15,23731.15,2025-09-19T09:45:00,23727.85,TARGET,71.69999999999709,1045.0
572,BUY,res1,2025-09-19T10:35:00,23752.85,23827.85,2025-09-19T11:45:00,23676.85,STOP_LOSS,-76.0,70.0
573,BUY,sup1,2025-09-19T13:50:00,23629.85,23704.85,2025-09-22T09:00:00,23554.4,STOP_LOSS,-75.44999999999709,4030.0
574,BUY,sup1,2025-09-22T15:55:00,23491.85,23566.85,2025-09-22T16:15:00,23471.85,STOP_LOSS,-20.0,20.0
575,BUY,sup1,2025-09-25T10:00:00,23603.35,23678.35,2025-09-25T10:55:00,23540.85,STOP_LOSS,-62.5,55.0
576,BUY,sup1,2025-09-25T12:50:00,23532.85,23607.85,2025-09-25T13:20:00,23385.35,STOP_LOSS,-147.5,30.0
577,BUY,res1,2025-09-25T15:05:00,23441.35,23516.35,2025-09-25T16:05:00,23528.35,TARGET,87.0,60.0
578,BUY,sup1,2025-09-26T13:20:00,23608.25,23683.25,2025-09-26T13:55:00,23687.25,TARGET,79.0,35.0
579,BUY,sup1,2025-09-29T12:45:00,23781.25,23856.25,2025-09-29T14:10:00,23739.75,STOP_LOSS,-41.5,85.0
580,BUY,sup1,2025-09-30T10:10:00,23701.25,23776.25,2025-09-30T12:35:00,23783.75,TARGET,82.5,145.0
581,BUY,res1,2025-09-30T14:05:00,23795.75,23870.75,2025-10-01T10:35:00,23864.25,TARGET,68.5,1230.0
582,BUY,sup1,2025-10-01T15:05:00,23991.25,24066.25,2025-10-01T15:40:00,24057.75,TARGET,66.5,35.0
583,BUY,res1,2025-10-02T10:15:00,24335.25,24410.25,2025-10-02T10:30:00,24418.25,TARGET,83.0,15.0
584,BUY,sup1,2025-10-02T12:40:00,24429.45,24504.45,2025-10-03T09:00:00,24528.7,TARGET,99.25,1220.0
585,BUY,sup1,2025-10-03T16:10:00,24380.15,24455.15,2025-10-03T16:20:00,24356.65,STOP_LOSS,-23.5,10.0
586,BUY,sup1,2025-10-03T16:30:00,24381.65,24456.65,2025-10-06T09:00:00,24350.85,STOP_LOSS,-30.80000000000291,3870.0
587,BUY,sup1,2025-10-06T10:25:00,24380.65,24455.65,2025-10-06T13:25:00,24453.65,TARGET,73.0,180.0
588,BUY,res1,2025-10-06T15:15:00,24470.75,24545.75,2025-10-06T15:45:00,24449.55,STOP_LOSS,-21.200000000000728,30.0
589,BUY,res1,2025-10-07T15:10:00,24452.05,24527.05,2025-10-07T15:15:00,24442.75,STOP_LOSS,-9.299999999999272,5.0
590,BUY,sup1,2025-10-08T09:30:00,24427.05,24502.05,2025-10-08T11:40:00,24496.65,TARGET,69.60000000000218,130.0
591,BUY,sup1,2025-10-08T12:45:00,24507.95,24582.95,2025-10-08T14:50:00,24579.15,TARGET,71.20000000000073,125.0
592,BUY,res1,2025-10-08T15:00:00,24586.55,24661.55,2025-10-08T15:50:00,24545.25,STOP_LOSS,-41.29999999999927,50.0
593,BUY,sup1,2025-10-08T16:00:00,24574.05,24649.05,2025-10-09T09:00:00,24674.25,TARGET,100.20000000000073,1020.0
594,BUY,sup1,2025-10-10T09:00:00,24658.15,24733.15,2025-10-10T11:05:00,24625.55,STOP_LOSS,-32.60000000000218,125.0
595,BUY,res1,2025-10-10T14:25:00,24626.35,24701.35,2025-10-10T14:45:00,24580.55,STOP_LOSS,-45.79999999999927,20.0
596,BUY,sup1,2025-10-10T15:00:00,24603.05,24678.05,2025-10-13T09:00:00,24399.55,STOP_LOSS,-203.5,3960.0
597,BUY,sup1,2025-10-13T11:30:00,24376.75,24451.75,2025-10-13T12:45:00,24348.65,STOP_LOSS,-28.099999999998545,75.0
598,BUY,sup1,2025-10-13T16:00:00,24334.95,24409.95,2025-10-14T09:00:00,24209.55,STOP_LOSS,-125.40000000000146,1020.0
599,BUY,sup1,2025-10-14T11:30:00,24184.15,24259.15,2025-10-14T12:45:00,24063.65,STOP_LOSS,-120.5,75.0
600,BUY,res1,2025-10-15T12:05:00,24307.15,24382.15,2025-10-15T12:15:00,24286.35,STOP_LOSS,-20.80000000000291,10.0
601,BUY,sup1,2025-10-15T15:35:00,24212.65,24287.65,2025-10-15T16:10:00,24282.95,TARGET,70.29999999999927,35.0
602,BUY,res1,2025-10-16T11:50:00,24209.55,24284.55,2025-10-17T09:00:00,23883.45,STOP_LOSS,-326.09999999999854,1270.0
603,BUY,sup1,2025-10-17T10:25:00,23751.75,23826.75,2025-10-17T13:15:00,23845.85,TARGET,94.09999999999854,170.0
604,BUY,res1,2025-10-17T15:55:00,23944.75,24019.75,2025-10-20T09:00:00,24029.15,TARGET,84.40000000000146,3905.0
605,BUY,res1,2025-10-20T12:00:00,24131.95,24206.95,2025-10-20T13:00:00,24094.25,STOP_LOSS,-37.70000000000073,60.0
606,BUY,sup1,2025-10-21T12:00:00,24232.65,24307.65,2025-10-21T12:15:00,24211.25,STOP_LOSS,-21.400000000001455,15.0
607,BUY,sup1,2025-10-21T12:50:00,24245.25,24320.25,2025-10-21T13:35:00,24328.35,TARGET,83.09999999999854,45.0
608,BUY,res1,2025-10-21T14:00:00,24322.05,24397.05,2025-10-21T14:15:00,24279.05,STOP_LOSS,-43.0,15.0
609,BUY,sup1,2025-10-22T11:00:00,24259.85,24334.85,2025-10-22T16:30:00,24225.25,STOP_LOSS,-34.599999999998545,330.0
610,BUY,sup1,2025-10-23T14:45:00,24081.65,24156.65,2025-10-23T15:40:00,24162.25,TARGET,80.59999999999854,55.0
611,BUY,res1,2025-10-24T11:40:00,24235.65,24310.65,2025-10-24T12:40:00,24194.85,STOP_LOSS,-40.80000000000291,60.0
612,BUY,sup1,2025-10-24T13:45:00,24196.85,24271.85,2025-10-27T09:00:00,24333.35,TARGET,136.5,4035.0
613,BUY,res1,2025-10-27T09:40:00,24286.35,24361.35,2025-10-27T12:15:00,24228.35,STOP_LOSS,-58.0,155.0
614,BUY,sup1,2025-10-27T14:40:00,24232.75,24307.75,2025-10-28T09:15:00,24194.95,STOP_LOSS,-37.79999999999927,1115.0
615,BUY,sup1,2025-10-28T09:45:00,24226.05,24301.05,2025-10-28T10:20:00,24288.75,TARGET,62.70000000000073,35.0
616,BUY,res1,2025-10-28T13:00:00,24290.55,24365.55,2025-10-28T13:50:00,24276.25,STOP_LOSS,-14.299999999999272,50.0
617,BUY,res1,2025-10-28T14:25:00,24331.05,24406.05,2025-10-28T14:35:00,24304.15,STOP_LOSS,-26.899999999997817,10.0
618,BUY,sup1,2025-10-28T15:00:00,24279.35,24354.35,2025-10-29T09:00:00,24238.85,STOP_LOSS,-40.5,1080.0
619,BUY,sup1,2025-10-29T09:15:00,24284.65,24359.65,2025-10-29T09:40:00,24247.45,STOP_LOSS,-37.20000000000073,25.0
620,BUY,sup1,2025-10-29T09:45:00,24261.05,24336.05,2025-10-29T14:30:00,24212.05,STOP_LOSS,-49.0,285.0
621,BUY,sup1,2025-10-30T10:30:00,24103.25,24178.25,2025-10-30T11:40:00,24060.75,STOP_LOSS,-42.5,70.0
622,BUY,sup1,2025-10-30T12:15:00,24091.95,24166.95,2025-10-30T12:50:00,24066.45,STOP_LOSS,-25.5,35.0
623,BUY,sup1,2025-10-30T13:00:00,24068.85,24143.85,2025-10-30T14:25:00,24036.15,STOP_LOSS,-32.69999999999709,85.0
624,BUY,res1,2025-10-30T15:30:00,24113.65,24188.65,2025-10-31T09:05:00,24083.95,STOP_LOSS,-29.700000000000728,1055.0
625,BUY,res1,2025-10-31T12:40:00,24056.65,24131.65,2025-10-31T13:45:00,24008.45,STOP_LOSS,-48.20000000000073,65.0
626,BUY,sup1,2025-11-03T15:20:00,24175.45,24250.45,2025-11-03T15:40:00,24145.25,STOP_LOSS,-30.200000000000728,20.0
627,BUY,sup1,2025-11-04T10:00:00,23775.15,23850.15,2025-11-04T10:25:00,23689.85,STOP_LOSS,-85.30000000000291,25.0
628,BUY,res1,2025-11-04T12:30:00,23801.85,23876.85,2025-11-04T13:10:00,23768.05,STOP_LOSS,-33.79999999999927,40.0
629,BUY,res1,2025-11-04T14:35:00,23832.65,23907.65,2025-11-04T15:55:00,23912.55,TARGET,79.89999999999782,80.0
630,BUY,sup1,2025-11-05T11:35:00,23774.65,23849.65,2025-11-05T12:10:00,23734.75,STOP_LOSS,-39.900000000001455,35.0
631,BUY,sup1,2025-11-05T12:40:00,23782.75,23857.75,2025-11-05T13:40:00,23868.85,TARGET,86.09999999999854,60.0
632,BUY,sup1,2025-11-07T14:05:00,23486.15,23561.15,2025-11-07T16:15:00,23576.45,TARGET,90.29999999999927,130.0
633,BUY,res1,2025-11-10T12:50:00,24020.25,24095.25,2025-11-10T13:50:00,23990.15,STOP_LOSS,-30.099999999998545,60.0
634,BUY,sup1,2025-11-10T15:25:00,24010.25,24085.25,2025-11-10T15:50:00,23962.15,STOP_LOSS,-48.099999999998545,25.0
635,BUY,sup1,2025-11-10T16:15:00,23983.95,24058.95,2025-11-11T09:05:00,23973.95,STOP_LOSS,-10.0,1010.0
636,BUY,sup1,2025-11-11T09:30:00,23974.15,24049.15,2025-11-11T13:00:00,23947.65,STOP_LOSS,-26.5,210.0
637,BUY,res1,2025-11-11T14:50:00,24013.65,24088.65,2025-11-11T15:00:00,23993.35,STOP_LOSS,-20.30000000000291,10.0
638,BUY,res1,2025-11-11T15:25:00,24008.95,24083.95,2025-11-12T09:00:00,24239.05,TARGET,230.09999999999854,1055.0
639,BUY,res1,2025-11-12T11:00:00,24373.15,24448.15,2025-11-12T12:15:00,24349.75,STOP_LOSS,-23.400000000001455,75.0
640,BUY,sup1,2025-11-12T12:35:00,24349.95,24424.95,2025-11-12T13:50:00,24413.95,TARGET,64.0,75.0
641,BUY,sup1,2025-11-12T15:10:00,24362.65,24437.65,2025-11-12T16:05:00,24440.05,TARGET,77.39999999999782,55.0
642,BUY,sup1,2025-11-13T14:50:00,24229.85,24304.85,2025-11-13T15:40:00,24189.35,STOP_LOSS,-40.5,50.0
643,BUY,sup1,2025-11-14T15:20:00,23666.05,23741.05,2025-11-14T15:45:00,23751.05,TARGET,85.0,25.0
644,BUY,sup1,2025-11-17T12:50:00,23751.25,23826.25,2025-11-17T13:05:00,23710.95,STOP_LOSS,-40.29999999999927,15.0
645,BUY,sup1,2025-11-18T11:55:00,23297.15,23372.15,2025-11-18T13:05:00,23233.75,STOP_LOSS,-63.400000000001455,70.0
646,BUY,sup1,2025-11-19T10:45:00,23145.35,23220.35,2025-11-19T12:20:00,23232.15,TARGET,86.80000000000291,95.0
647,BUY,res1,2025-11-19T15:15:00,23269.25,23344.25,2025-11-19T16:10:00,23349.15,TARGET,79.90000000000146,55.0
648,BUY,sup1,2025-11-20T13:10:00,23334.25,23409.25,2025-11-20T14:05:00,23413.15,TARGET,78.90000000000146,55.0
649,BUY,res1,2025-11-20T16:00:00,23470.55,23545.55,2025-11-21T09:00:00,22960.85,STOP_LOSS,-509.7000000000007,1020.0
650,BUY,sup1,2025-11-21T11:35:00,22997.65,23072.65,2025-11-21T12:00:00,23086.25,TARGET,88.59999999999854,25.0
651,BUY,res1,2025-11-21T13:45:00,23155.45,23230.45,2025-11-21T14:50:00,23229.35,TARGET,73.89999999999782,65.0
652,BUY,sup1,2025-11-21T16:25:00,23130.55,23205.55,2025-11-24T09:00:00,23248.45,TARGET,117.90000000000146,3875.0
653,BUY,sup1,2025-11-24T13:10:00,23213.35,23288.35,2025-11-24T16:05:00,23308.05,TARGET,94.70000000000073,175.0
654,BUY,res1,2025-11-24T16:15:00,23301.45,23376.45,2025-11-25T09:00:00,23258.25,STOP_LOSS,-43.20000000000073,1005.0
655,BUY,sup1,2025-11-25T10:05:00,23227.15,23302.15,2025-11-25T10:30:00,23160.85,STOP_LOSS,-66.30000000000291,25.0
656,BUY,sup1,2025-11-25T11:40:00,23203.35,23278.35,2025-11-25T13:05:00,23269.15,TARGET,65.80000000000291,85.0
657,BUY,sup1,2025-11-25T16:30:00,23413.85,23488.85,2025-11-26T09:00:00,23586.15,TARGET,172.3000000000029,990.0
658,BUY,res1,2025-11-26T12:45:00,23567.55,23642.55,2025-11-26T13:05:00,23513.85,STOP_LOSS,-53.70000000000073,20.0
659,BUY,sup1,2025-11-26T13:40:00,23490.65,23565.65,2025-11-26T14:00:00,23565.15,TARGET,74.5,20.0
660,BUY,res1,2025-11-26T14:45:00,23598.55,23673.55,2025-11-27T09:00:00,23711.25,TARGET,112.70000000000073,1095.0
661,BUY,sup1,2025-11-27T12:45:00,23776.95,23851.95,2025-11-28T09:05:00,23738.25,STOP_LOSS,-38.70000000000073,1220.0
662,BUY,sup1,2025-11-28T10:30:00,23747.95,23822.95,2025-11-28T13:50:00,23823.35,TARGET,75.39999999999782,200.0
663,BUY,res1,2025-12-01T15:50:00,23584.85,23659.85,2025-12-02T09:15:00,23655.75,TARGET,70.90000000000146,1045.0
664,BUY,sup1,2025-12-02T13:45:00,23693.55,23768.55,2025-12-02T14:30:00,23669.85,STOP_LOSS,-23.700000000000728,45.0
665,BUY,sup1,2025-12-02T14:55:00,23695.75,23770.75,2025-12-03T09:00:00,23766.55,TARGET,70.79999999999927,1085.0
666,BUY,res1,2025-12-03T09:05:00,23793.55,23868.55,2025-12-03T11:50:00,23749.35,STOP_LOSS,-44.20000000000073,165.0
667,BUY,sup1,2025-12-03T13:10:00,23763.75,23838.75,2025-12-03T15:00:00,23719.85,STOP_LOSS,-43.900000000001455,110.0
668,BUY,res1,2025-12-04T12:25:00,23886.05,23961.05,2025-12-04T13:30:00,23863.95,STOP_LOSS,-22.099999999998545,65.0
669,BUY,res1,2025-12-04T14:10:00,23897.35,23972.35,2025-12-05T09:05:00,23971.65,TARGET,74.30000000000291,1135.0
670,BUY,res1,2025-12-05T12:40:00,24038.85,24113.85,2025-12-05T15:45:00,24101.45,TARGET,62.60000000000218,185.0
671,BUY,res1,2025-12-05T16:00:00,24111.05,24186.05,2025-12-08T09:00:00,24040.15,STOP_LOSS,-70.89999999999782,3900.0
672,BUY,sup1,2025-12-08T12:40:00,24085.55,24160.55,2025-12-09T09:20:00,24174.25,TARGET,88.70000000000073,1240.0
673,BUY,res1,2025-12-09T14:10:00,24145.25,24220.25,2025-12-09T14:35:00,24119.55,STOP_LOSS,-25.700000000000728,25.0
674,BUY,res1,2025-12-09T16:00:00,24154.45,24229.45,2025-12-10T09:00:00,24138.05,STOP_LOSS,-16.400000000001455,1020.0
675,BUY,sup1,2025-12-10T11:35:00,24047.85,24122.85,2025-12-11T10:25:00,24105.95,TARGET,58.10000000000218,1370.0
676,BUY,res1,2025-12-11T11:25:00,24123.85,24198.85,2025-12-11T14:25:00,24196.65,TARGET,72.80000000000291,180.0
677,BUY,sup1,2025-12-12T14:15:00,24338.05,24413.05,2025-12-12T15:40:00,24414.55,TARGET,76.5,85.0
678,BUY,sup1,2025-12-15T13:30:00,24263.85,24338.85,2025-12-15T16:00:00,24221.05,STOP_LOSS,-42.79999999999927,150.0
679,BUY,sup1,2025-12-17T14:30:00,24058.75,24133.75,2025-12-18T09:00:00,23952.35,STOP_LOSS,-106.40000000000146,1110.0
680,BUY,sup1,2025-12-18T09:45:00,23955.75,24030.75,2025-12-18T12:15:00,24031.95,TARGET,76.20000000000073,150.0
681,BUY,sup1,2025-12-18T13:30:00,24026.85,24101.85,2025-12-18T16:25:00,24110.15,TARGET,83.30000000000291,175.0
682,BUY,res1,2025-12-19T09:00:00,24200.6,24275.6,2025-12-19T15:55:00,24283.55,TARGET,82.95000000000073,415.0
683,BUY,sup1,2025-12-23T12:05:00,24322.25,24397.25,2025-12-23T12:20:00,24305.15,STOP_LOSS,-17.099999999998545,15.0
684,BUY,sup1,2025-12-23T15:15:00,24298.95,24373.95,2025-12-29T09:00:00,24379.05,TARGET,80.09999999999854,8265.0
685,BUY,sup1,2025-12-29T10:00:00,24267.25,24342.25,2025-12-29T12:35:00,24339.05,TARGET,71.79999999999927,155.0
686,BUY,sup1,2025-12-29T13:55:00,24311.15,24386.15,2025-12-30T10:10:00,24386.65,TARGET,75.5,1215.0
687,BUY,res1,2025-12-30T10:30:00,24375.55,24450.55,2025-12-30T12:45:00,24458.65,TARGET,83.10000000000218,135.0
