trade_id,signal_type,zone_name,entry_time,entry_price,target_price,exit_time,exit_price,exit_type,pnl,hold_duration,entry_date,exit_date,entry_hour,exit_hour
1,SELL,sup1,2024-01-03T11:00:00,16644.85,16519.85,2024-01-03T12:09:00,16684.05,STOP_LOSS,-39.2,69.0,2024-01-03,2024-01-03,11:00,12:09
2,BUY,sup1,2024-01-03T12:09:00,16677.15,16802.15,2024-01-03T12:22:00,16641.85,STOP_LOSS,-35.3,13.0,2024-01-03,2024-01-03,12:09,12:22
3,SELL,sup1,2024-01-03T12:32:00,16634.85,16509.85,2024-01-03T15:47:00,16514.35,TARGET,120.5,195.0,2024-01-03,2024-01-03,12:32,15:47
4,SELL,res1,2024-01-04T12:54:00,16559.55,16434.55,2024-01-04T16:30:00,16587.85,FORCE_EXIT,-28.3,216.0,2024-01-04,2024-01-04,12:54,16:30
5,BUY,sup1,2024-01-05T09:22:00,16533.05,16658.05,2024-01-05T10:04:00,16501.75,STOP_LOSS,-31.3,42.0,2024-01-05,2024-01-05,09:22,10:04
6,SELL,sup1,2024-01-05T10:51:00,16485.35,16360.349999999999,2024-01-05T15:04:00,16537.65,STOP_LOSS,-52.3,253.0,2024-01-05,2024-01-05,10:51,15:04
7,BUY,sup1,2024-01-05T15:04:00,16536.75,16661.75,2024-01-05T16:30:00,16610.25,FORCE_EXIT,73.5,86.0,2024-01-05,2024-01-05,15:04,16:30
8,BUY,res1,2024-01-08T09:21:00,16628.55,16753.55,2024-01-08T10:00:00,16587.05,STOP_LOSS,-41.5,39.0,2024-01-08,2024-01-08,09:21,10:00
9,SELL,res1,2024-01-08T10:19:00,16585.25,16460.25,2024-01-08T11:17:00,16609.25,STOP_LOSS,-24.0,58.0,2024-01-08,2024-01-08,10:19,11:17
10,BUY,res1,2024-01-08T14:42:00,16644.15,16769.15,2024-01-08T16:30:00,16702.75,FORCE_EXIT,58.6,108.0,2024-01-08,2024-01-08,14:42,16:30
11,BUY,res1,2024-01-10T09:00:00,16689.75,16814.75,2024-01-10T09:33:00,16678.55,STOP_LOSS,-11.2,33.0,2024-01-10,2024-01-10,09:00,09:33
12,BUY,res1,2024-01-10T10:06:00,16707.05,16832.05,2024-01-10T12:31:00,16676.55,STOP_LOSS,-30.5,145.0,2024-01-10,2024-01-10,10:06,12:31
13,BUY,res1,2024-01-10T13:21:00,16700.05,16825.05,2024-01-10T13:45:00,16675.85,STOP_LOSS,-24.2,24.0,2024-01-10,2024-01-10,13:21,13:45
14,SELL,res1,2024-01-10T16:02:00,16672.25,16547.25,2024-01-10T16:30:00,16667.75,FORCE_EXIT,4.5,28.0,2024-01-10,2024-01-10,16:02,16:30
15,BUY,sup1,2024-01-11T09:00:00,16788.05,16913.05,2024-01-11T11:34:00,16726.75,STOP_LOSS,-61.3,154.0,2024-01-11,2024-01-11,09:00,11:34
16,SELL,sup1,2024-01-11T14:58:00,16663.15,16538.15,2024-01-11T16:30:00,16604.15,FORCE_EXIT,59.0,92.0,2024-01-11,2024-01-11,14:58,16:30
17,SELL,res1,2024-01-12T09:42:00,16688.35,16563.35,2024-01-12T15:48:00,16749.85,STOP_LOSS,-61.5,366.0,2024-01-12,2024-01-12,09:42,15:48
18,BUY,res1,2024-01-12T15:48:00,16745.35,16870.35,2024-01-12T16:30:00,16710.35,FORCE_EXIT,-35.0,42.0,2024-01-12,2024-01-12,15:48,16:30
19,SELL,res1,2024-01-15T10:00:00,16646.25,16521.25,2024-01-15T16:30:00,16637.95,FORCE_EXIT,8.3,390.0,2024-01-15,2024-01-15,10:00,16:30
20,BUY,res1,2024-01-16T16:12:00,16556.85,16681.85,2024-01-16T16:30:00,16559.95,FORCE_EXIT,3.1,18.0,2024-01-16,2024-01-16,16:12,16:30
21,SELL,sup1,2024-01-17T16:00:00,16351.05,16226.05,2024-01-17T16:30:00,16389.05,FORCE_EXIT,-38.0,30.0,2024-01-17,2024-01-17,16:00,16:30
22,BUY,sup1,2024-01-18T09:00:00,16464.55,16589.55,2024-01-18T16:30:00,16554.55,FORCE_EXIT,90.0,450.0,2024-01-18,2024-01-18,09:00,16:30
23,SELL,res1,2024-01-19T13:00:00,16608.55,16483.55,2024-01-19T16:30:00,16524.65,FORCE_EXIT,83.9,210.0,2024-01-19,2024-01-19,13:00,16:30
24,BUY,res1,2024-01-22T12:16:00,16633.85,16758.85,2024-01-22T14:42:00,16606.55,STOP_LOSS,-27.3,146.0,2024-01-22,2024-01-22,12:16,14:42
25,BUY,sup1,2024-01-22T14:53:00,16624.05,16749.05,2024-01-22T16:30:00,16671.85,FORCE_EXIT,47.8,97.0,2024-01-22,2024-01-22,14:53,16:30
26,BUY,sup1,2024-01-23T15:54:00,16659.35,16784.35,2024-01-23T16:30:00,16673.35,FORCE_EXIT,14.0,36.0,2024-01-23,2024-01-23,15:54,16:30
27,BUY,res1,2024-01-25T14:53:00,16866.85,16991.85,2024-01-25T16:30:00,16911.75,FORCE_EXIT,44.9,97.0,2024-01-25,2024-01-25,14:53,16:30
28,BUY,res1,2024-01-30T09:31:00,16971.55,17096.55,2024-01-30T09:54:00,16957.25,STOP_LOSS,-14.3,23.0,2024-01-30,2024-01-30,09:31,09:54
29,BUY,res1,2024-01-30T11:17:00,16968.35,17093.35,2024-01-30T13:44:00,16956.35,STOP_LOSS,-12.0,147.0,2024-01-30,2024-01-30,11:17,13:44
30,SELL,res1,2024-01-30T16:26:00,16955.05,16830.05,2024-01-30T16:30:00,16960.45,FORCE_EXIT,-5.4,4.0,2024-01-30,2024-01-30,16:26,16:30
31,BUY,sup1,2024-01-31T09:00:00,16971.15,17096.15,2024-01-31T10:35:00,16946.45,STOP_LOSS,-24.7,95.0,2024-01-31,2024-01-31,09:00,10:35
32,SELL,res1,2024-01-31T10:35:00,16951.35,16826.35,2024-01-31T16:30:00,16915.35,FORCE_EXIT,36.0,355.0,2024-01-31,2024-01-31,10:35,16:30
33,BUY,sup1,2024-02-02T09:00:00,16973.95,17098.95,2024-02-02T14:30:00,16938.65,STOP_LOSS,-35.3,330.0,2024-02-02,2024-02-02,09:00,14:30
34,SELL,res1,2024-02-02T14:30:00,16978.35,16853.35,2024-02-02T16:30:00,16925.05,FORCE_EXIT,53.3,120.0,2024-02-02,2024-02-02,14:30,16:30
35,BUY,sup1,2024-02-05T15:24:00,16904.95,17029.95,2024-02-05T16:08:00,16891.95,STOP_LOSS,-13.0,44.0,2024-02-05,2024-02-05,15:24,16:08
36,SELL,sup1,2024-02-05T16:15:00,16883.95,16758.95,2024-02-05T16:30:00,16880.65,FORCE_EXIT,3.3,15.0,2024-02-05,2024-02-05,16:15,16:30
37,SELL,res1,2024-02-06T09:17:00,16944.85,16819.85,2024-02-06T15:40:00,16975.55,STOP_LOSS,-30.7,383.0,2024-02-06,2024-02-06,09:17,15:40
38,BUY,res1,2024-02-06T15:43:00,16982.85,17107.85,2024-02-06T16:30:00,17004.05,FORCE_EXIT,21.2,47.0,2024-02-06,2024-02-06,15:43,16:30
39,SELL,res1,2024-02-07T14:47:00,16989.05,16864.05,2024-02-07T16:30:00,16954.65,FORCE_EXIT,34.4,103.0,2024-02-07,2024-02-07,14:47,16:30
40,BUY,res1,2024-02-08T14:46:00,17015.65,17140.65,2024-02-08T14:55:00,17000.15,STOP_LOSS,-15.5,9.0,2024-02-08,2024-02-08,14:46,14:55
41,BUY,res1,2024-02-08T15:07:00,17016.05,17141.05,2024-02-08T15:41:00,16997.95,STOP_LOSS,-18.1,34.0,2024-02-08,2024-02-08,15:07,15:41
42,SELL,res1,2024-02-08T16:09:00,16996.45,16871.45,2024-02-08T16:30:00,16989.85,FORCE_EXIT,6.6,21.0,2024-02-08,2024-02-08,16:09,16:30
43,SELL,sup1,2024-02-09T15:31:00,16935.65,16810.65,2024-02-09T16:30:00,16888.65,FORCE_EXIT,47.0,59.0,2024-02-09,2024-02-09,15:31,16:30
44,BUY,res1,2024-02-12T09:30:00,16992.75,17117.75,2024-02-12T09:37:00,16980.25,STOP_LOSS,-12.5,7.0,2024-02-12,2024-02-12,09:30,09:37
45,SELL,res1,2024-02-12T09:49:00,16969.05,16844.05,2024-02-12T10:15:00,16993.45,STOP_LOSS,-24.4,26.0,2024-02-12,2024-02-12,09:49,10:15
46,BUY,res1,2024-02-12T10:36:00,16995.15,17120.15,2024-02-12T12:39:00,16978.35,STOP_LOSS,-16.8,123.0,2024-02-12,2024-02-12,10:36,12:39
47,BUY,res1,2024-02-12T15:56:00,16991.95,17116.95,2024-02-12T16:30:00,17017.95,FORCE_EXIT,26.0,34.0,2024-02-12,2024-02-12,15:56,16:30
48,SELL,res1,2024-02-13T09:15:00,16970.85,16845.85,2024-02-13T15:10:00,16845.35,TARGET,125.5,355.0,2024-02-13,2024-02-13,09:15,15:10
49,BUY,res1,2024-02-15T09:00:00,16998.25,17123.25,2024-02-15T16:30:00,17042.95,FORCE_EXIT,44.7,450.0,2024-02-15,2024-02-15,09:00,16:30
50,SELL,sup1,2024-02-20T10:26:00,17044.35,16919.35,2024-02-20T10:47:00,17059.25,STOP_LOSS,-14.9,21.0,2024-02-20,2024-02-20,10:26,10:47
51,BUY,sup1,2024-02-20T10:47:00,17055.75,17180.75,2024-02-20T12:00:00,17047.05,STOP_LOSS,-8.7,73.0,2024-02-20,2024-02-20,10:47,12:00
52,SELL,res1,2024-02-20T14:47:00,17059.25,16934.25,2024-02-20T16:30:00,17056.35,FORCE_EXIT,2.9,103.0,2024-02-20,2024-02-20,14:47,16:30
53,BUY,sup1,2024-02-21T09:00:00,17083.95,17208.95,2024-02-21T16:30:00,17106.05,FORCE_EXIT,22.1,450.0,2024-02-21,2024-02-21,09:00,16:30
54,BUY,res1,2024-02-22T15:34:00,17386.85,17511.85,2024-02-22T16:30:00,17386.45,FORCE_EXIT,-0.4,56.0,2024-02-22,2024-02-22,15:34,16:30
55,SELL,res1,2024-02-23T13:15:00,17377.15,17252.15,2024-02-23T16:01:00,17431.95,STOP_LOSS,-54.8,166.0,2024-02-23,2024-02-23,13:15,16:01
56,BUY,res1,2024-02-23T16:01:00,17427.95,17552.95,2024-02-23T16:30:00,17414.95,FORCE_EXIT,-13.0,29.0,2024-02-23,2024-02-23,16:01,16:30
57,SELL,res1,2024-02-26T11:51:00,17409.35,17284.35,2024-02-26T14:36:00,17448.55,STOP_LOSS,-39.2,165.0,2024-02-26,2024-02-26,11:51,14:36
58,BUY,res1,2024-02-26T14:36:00,17442.55,17567.55,2024-02-26T16:30:00,17439.15,FORCE_EXIT,-3.4,114.0,2024-02-26,2024-02-26,14:36,16:30
59,BUY,res1,2024-02-27T09:23:00,17445.55,17570.55,2024-02-27T16:30:00,17539.65,FORCE_EXIT,94.1,427.0,2024-02-27,2024-02-27,09:23,16:30
60,SELL,res1,2024-02-28T13:17:00,17563.85,17438.85,2024-02-28T16:30:00,17580.15,FORCE_EXIT,-16.3,193.0,2024-02-28,2024-02-28,13:17,16:30
61,SELL,res1,2024-02-29T14:15:00,17663.65,17538.65,2024-02-29T15:03:00,17714.25,STOP_LOSS,-50.6,48.0,2024-02-29,2024-02-29,14:15,15:03
62,BUY,res1,2024-02-29T15:03:00,17710.85,17835.85,2024-02-29T16:30:00,17707.15,FORCE_EXIT,-3.7,87.0,2024-02-29,2024-02-29,15:03,16:30
63,SELL,res1,2024-03-01T13:17:00,17773.35,17648.35,2024-03-01T16:30:00,17739.35,FORCE_EXIT,34.0,193.0,2024-03-01,2024-03-01,13:17,16:30
64,BUY,sup1,2024-03-04T10:37:00,17752.05,17877.05,2024-03-04T12:26:00,17710.55,STOP_LOSS,-41.5,109.0,2024-03-04,2024-03-04,10:37,12:26
65,SELL,res1,2024-03-04T14:01:00,17730.35,17605.35,2024-03-04T16:30:00,17695.25,FORCE_EXIT,35.1,149.0,2024-03-04,2024-03-04,14:01,16:30
66,SELL,sup1,2024-03-05T09:22:00,17671.55,17546.55,2024-03-05T15:44:00,17732.05,STOP_LOSS,-60.5,382.0,2024-03-05,2024-03-05,09:22,15:44
67,SELL,res1,2024-03-05T16:20:00,17722.35,17597.35,2024-03-05T16:30:00,17717.35,FORCE_EXIT,5.0,10.0,2024-03-05,2024-03-05,16:20,16:30
68,SELL,res1,2024-03-06T11:42:00,17719.35,17594.35,2024-03-06T16:30:00,17697.65,FORCE_EXIT,21.7,288.0,2024-03-06,2024-03-06,11:42,16:30
69,BUY,sup1,2024-03-07T11:17:00,17695.05,17820.05,2024-03-07T15:38:00,17818.45,TARGET,123.4,261.0,2024-03-07,2024-03-07,11:17,15:38
70,SELL,res1,2024-03-08T13:51:00,17810.45,17685.45,2024-03-08T16:30:00,17823.55,FORCE_EXIT,-13.1,159.0,2024-03-08,2024-03-08,13:51,16:30
71,SELL,res1,2024-03-12T09:30:00,17784.95,17659.95,2024-03-12T15:22:00,17845.15,STOP_LOSS,-60.2,352.0,2024-03-12,2024-03-12,09:30,15:22
72,BUY,res1,2024-03-12T15:30:00,17857.65,17982.65,2024-03-12T16:30:00,17916.45,FORCE_EXIT,58.8,60.0,2024-03-12,2024-03-12,15:30,16:30
73,SELL,res1,2024-03-13T13:00:00,17972.75,17847.75,2024-03-13T16:30:00,17975.45,FORCE_EXIT,-2.7,210.0,2024-03-13,2024-03-13,13:00,16:30
74,BUY,res1,2024-03-14T09:00:00,18003.05,18128.05,2024-03-14T14:08:00,17980.85,STOP_LOSS,-22.2,308.0,2024-03-14,2024-03-14,09:00,14:08
75,SELL,res1,2024-03-14T14:08:00,17983.35,17858.35,2024-03-14T16:30:00,17920.35,FORCE_EXIT,63.0,142.0,2024-03-14,2024-03-14,14:08,16:30
76,BUY,sup1,2024-03-15T12:10:00,18001.85,18126.85,2024-03-15T15:04:00,17983.85,STOP_LOSS,-18.0,174.0,2024-03-15,2024-03-15,12:10,15:04
77,SELL,res1,2024-03-15T15:04:00,17986.35,17861.35,2024-03-15T16:30:00,17997.25,FORCE_EXIT,-10.9,86.0,2024-03-15,2024-03-15,15:04,16:30
78,SELL,res1,2024-03-18T10:15:00,17991.55,17866.55,2024-03-18T16:30:00,17924.85,FORCE_EXIT,66.7,375.0,2024-03-18,2024-03-18,10:15,16:30
79,BUY,sup1,2024-03-19T09:41:00,17958.35,18083.35,2024-03-19T10:08:00,17945.75,STOP_LOSS,-12.6,27.0,2024-03-19,2024-03-19,09:41,10:08
80,BUY,sup1,2024-03-19T10:23:00,17964.45,18089.45,2024-03-19T11:54:00,17942.75,STOP_LOSS,-21.7,91.0,2024-03-19,2024-03-19,10:23,11:54
81,SELL,res1,2024-03-19T12:16:00,17938.65,17813.65,2024-03-19T16:30:00,17962.35,FORCE_EXIT,-23.7,254.0,2024-03-19,2024-03-19,12:16,16:30
82,BUY,sup1,2024-03-20T09:00:00,17977.25,18102.25,2024-03-20T16:30:00,17999.45,FORCE_EXIT,22.2,450.0,2024-03-20,2024-03-20,09:00,16:30
83,SELL,res1,2024-03-22T09:00:00,18152.85,18027.85,2024-03-22T09:37:00,18191.25,STOP_LOSS,-38.4,37.0,2024-03-22,2024-03-22,09:00,09:37
84,BUY,res1,2024-03-22T09:37:00,18185.35,18310.35,2024-03-22T13:06:00,18159.95,STOP_LOSS,-25.4,209.0,2024-03-22,2024-03-22,09:37,13:06
85,BUY,res1,2024-03-22T13:29:00,18187.55,18312.55,2024-03-22T16:30:00,18213.05,FORCE_EXIT,25.5,181.0,2024-03-22,2024-03-22,13:29,16:30
86,BUY,sup1,2024-03-25T11:51:00,18199.95,18324.95,2024-03-25T16:30:00,18255.45,FORCE_EXIT,55.5,279.0,2024-03-25,2024-03-25,11:51,16:30
87,SELL,res1,2024-03-28T12:30:00,18491.75,18366.75,2024-03-28T16:18:00,18512.25,STOP_LOSS,-20.5,228.0,2024-03-28,2024-03-28,12:30,16:18
88,BUY,res1,2024-03-28T16:18:00,18509.85,18634.85,2024-03-28T16:30:00,18506.65,FORCE_EXIT,-3.2,12.0,2024-03-28,2024-03-28,16:18,16:30
89,BUY,res1,2024-04-02T10:02:00,18547.55,18672.55,2024-04-02T10:36:00,18491.45,STOP_LOSS,-56.1,34.0,2024-04-02,2024-04-02,10:02,10:36
90,BUY,sup1,2024-04-02T11:10:00,18497.95,18622.95,2024-04-02T11:58:00,18473.25,STOP_LOSS,-24.7,48.0,2024-04-02,2024-04-02,11:10,11:58
91,SELL,sup1,2024-04-02T12:00:00,18473.45,18348.45,2024-04-02T15:18:00,18348.05,TARGET,125.4,198.0,2024-04-02,2024-04-02,12:00,15:18
92,SELL,res1,2024-04-04T13:31:00,18389.35,18264.35,2024-04-04T16:30:00,18412.65,FORCE_EXIT,-23.3,179.0,2024-04-04,2024-04-04,13:31,16:30
93,BUY,sup1,2024-04-05T15:52:00,18164.35,18289.35,2024-04-05T16:30:00,18136.35,FORCE_EXIT,-28.0,38.0,2024-04-05,2024-04-05,15:52,16:30
94,SELL,sup1,2024-04-09T09:25:00,18236.65,18111.65,2024-04-09T16:30:00,18132.05,FORCE_EXIT,104.6,425.0,2024-04-09,2024-04-09,09:25,16:30
95,BUY,sup1,2024-04-10T09:01:00,18180.25,18305.25,2024-04-10T14:30:00,18131.65,STOP_LOSS,-48.6,329.0,2024-04-10,2024-04-10,09:01,14:30
96,SELL,res1,2024-04-10T14:30:00,18195.5,18070.5,2024-04-10T14:32:00,18071.95,TARGET,123.55,2.0,2024-04-10,2024-04-10,14:30,14:32
97,SELL,sup1,2024-04-10T14:50:00,18035.65,17860.65,2024-04-10T16:18:00,18104.05,STOP_LOSS,-68.4,88.0,2024-04-10,2024-04-10,14:50,16:18
98,SELL,sup1,2024-04-11T13:46:00,17969.95,17844.95,2024-04-11T14:36:00,18037.95,STOP_LOSS,-68.0,50.0,2024-04-11,2024-04-11,13:46,14:36
99,BUY,sup1,2024-04-11T14:49:00,18052.45,18177.45,2024-04-11T16:02:00,17973.15,STOP_LOSS,-79.3,73.0,2024-04-11,2024-04-11,14:49,16:02
100,SELL,res1,2024-04-11T16:02:00,17984.45,17859.45,2024-04-11T16:30:00,17870.95,FORCE_EXIT,113.5,28.0,2024-04-11,2024-04-11,16:02,16:30
101,BUY,res1,2024-04-15T14:16:00,18123.35,18248.35,2024-04-15T16:11:00,18066.85,STOP_LOSS,-56.5,115.0,2024-04-15,2024-04-15,14:16,16:11
102,SELL,res1,2024-04-16T09:00:00,17800.05,17675.05,2024-04-16T13:49:00,17862.95,STOP_LOSS,-62.9,289.0,2024-04-16,2024-04-16,09:00,13:49
103,SELL,sup1,2024-04-16T15:47:00,17736.45,17611.45,2024-04-16T16:15:00,17792.45,STOP_LOSS,-56.0,28.0,2024-04-16,2024-04-16,15:47,16:15
104,BUY,sup1,2024-04-16T16:15:00,17781.05,17906.05,2024-04-16T16:25:00,17751.45,STOP_LOSS,-29.6,10.0,2024-04-16,2024-04-16,16:15,16:25
105,BUY,sup1,2024-04-17T09:18:00,17793.95,17918.95,2024-04-17T16:30:00,17825.65,FORCE_EXIT,31.7,432.0,2024-04-17,2024-04-17,09:18,16:30
106,SELL,res1,2024-04-18T09:00:00,17846.25,17721.25,2024-04-18T15:37:00,17721.75,TARGET,124.5,397.0,2024-04-18,2024-04-18,09:00,15:37
107,BUY,sup1,2024-04-18T16:10:00,17794.85,17969.85,2024-04-18T16:30:00,17818.25,FORCE_EXIT,23.4,20.0,2024-04-18,2024-04-18,16:10,16:30
108,SELL,res1,2024-04-22T09:45:00,17784.35,17659.35,2024-04-22T11:14:00,17822.15,STOP_LOSS,-37.8,89.0,2024-04-22,2024-04-22,09:45,11:14
109,BUY,res1,2024-04-22T11:15:00,17823.15,17948.15,2024-04-22T13:11:00,17809.65,STOP_LOSS,-13.5,116.0,2024-04-22,2024-04-22,11:15,13:11
110,SELL,res1,2024-04-22T13:11:00,17811.65,17686.65,2024-04-22T15:05:00,17882.85,STOP_LOSS,-71.2,114.0,2024-04-22,2024-04-22,13:11,15:05
111,BUY,res1,2024-04-22T15:05:00,17880.35,18005.35,2024-04-22T16:30:00,17845.35,STOP_LOSS,-35.0,85.0,2024-04-22,2024-04-22,15:05,16:30
112,SELL,res1,2024-04-23T11:45:00,17989.55,17864.55,2024-04-23T12:35:00,18048.35,STOP_LOSS,-58.8,50.0,2024-04-23,2024-04-23,11:45,12:35
113,BUY,res1,2024-04-23T12:35:00,18043.55,18168.55,2024-04-23T16:30:00,18098.05,FORCE_EXIT,54.5,235.0,2024-04-23,2024-04-23,12:35,16:30
114,SELL,res1,2024-04-24T13:47:00,18186.35,18061.35,2024-04-24T16:30:00,18108.75,FORCE_EXIT,77.6,163.0,2024-04-24,2024-04-24,13:47,16:30
115,SELL,sup1,2024-04-25T10:01:00,18001.05,17876.05,2024-04-25T15:13:00,17854.35,TARGET,146.7,312.0,2024-04-25,2024-04-25,10:01,15:13
116,BUY,sup1,2024-04-26T09:03:00,18015.05,18140.05,2024-04-26T15:50:00,18142.35,TARGET,127.3,407.0,2024-04-26,2024-04-26,09:03,15:50
117,BUY,res1,2024-04-29T09:00:00,18199.55,18324.55,2024-04-29T09:17:00,18185.55,STOP_LOSS,-14.0,17.0,2024-04-29,2024-04-29,09:00,09:17
118,BUY,res1,2024-04-29T09:33:00,18202.55,18327.55,2024-04-29T09:37:00,18184.55,STOP_LOSS,-18.0,4.0,2024-04-29,2024-04-29,09:33,09:37
119,BUY,res1,2024-04-29T09:46:00,18203.05,18328.05,2024-04-29T10:50:00,18184.85,STOP_LOSS,-18.2,64.0,2024-04-29,2024-04-29,09:46,10:50
120,SELL,res1,2024-04-29T11:32:00,18160.85,18035.85,2024-04-29T16:30:00,18129.85,FORCE_EXIT,31.0,298.0,2024-04-29,2024-04-29,11:32,16:30
121,SELL,sup1,2024-04-30T11:00:00,18027.45,17902.45,2024-04-30T12:49:00,18067.65,STOP_LOSS,-40.2,109.0,2024-04-30,2024-04-30,11:00,12:49
122,BUY,sup1,2024-04-30T12:49:00,18064.35,18189.35,2024-04-30T13:41:00,18038.05,STOP_LOSS,-26.3,52.0,2024-04-30,2024-04-30,12:49,13:41
123,SELL,sup1,2024-04-30T15:00:00,18004.45,17879.45,2024-04-30T16:08:00,18044.75,STOP_LOSS,-40.3,68.0,2024-04-30,2024-04-30,15:00,16:08
124,BUY,sup1,2024-04-30T16:08:00,18044.85,18169.85,2024-04-30T16:29:00,18015.95,STOP_LOSS,-28.9,21.0,2024-04-30,2024-04-30,16:08,16:29
125,SELL,sup1,2024-04-30T16:30:00,18015.05,17890.05,2024-04-30T16:30:00,18014.15,FORCE_EXIT,0.9,0.0,2024-04-30,2024-04-30,16:30,16:30
126,SELL,sup1,2024-05-02T09:00:00,17947.05,17822.05,2024-05-02T16:30:00,17932.95,FORCE_EXIT,14.1,450.0,2024-05-02,2024-05-02,09:00,16:30
127,BUY,res1,2024-05-03T09:00:00,17986.25,18111.25,2024-05-03T09:35:00,17924.95,STOP_LOSS,-61.3,35.0,2024-05-03,2024-05-03,09:00,09:35
128,BUY,res1,2024-05-03T10:40:00,17967.35,18092.35,2024-05-03T14:30:00,18097.45,TARGET,130.1,230.0,2024-05-03,2024-05-03,10:40,14:30
129,BUY,sup1,2024-05-03T16:30:00,17992.35,18167.35,2024-05-03T16:30:00,18000.85,FORCE_EXIT,8.5,0.0,2024-05-03,2024-05-03,16:30,16:30
130,BUY,res1,2024-05-09T09:38:00,18545.05,18670.05,2024-05-09T14:30:00,18670.55,TARGET,125.5,292.0,2024-05-09,2024-05-09,09:38,14:30
131,SELL,res1,2024-05-13T09:32:00,18773.05,18648.05,2024-05-13T16:30:00,18736.75,FORCE_EXIT,36.3,418.0,2024-05-13,2024-05-13,09:32,16:30
132,BUY,sup1,2024-05-14T15:20:00,18709.35,18834.35,2024-05-14T16:30:00,18734.35,FORCE_EXIT,25.0,70.0,2024-05-14,2024-05-14,15:20,16:30
133,SELL,sup1,2024-05-16T15:15:00,18773.45,18648.45,2024-05-16T16:30:00,18757.45,FORCE_EXIT,16.0,75.0,2024-05-16,2024-05-16,15:15,16:30
134,SELL,sup1,2024-05-21T09:33:00,18736.55,18611.55,2024-05-21T16:30:00,18707.35,FORCE_EXIT,29.2,417.0,2024-05-21,2024-05-21,09:33,16:30
135,BUY,res1,2024-05-22T09:51:00,18697.45,18822.45,2024-05-22T09:58:00,18680.05,STOP_LOSS,-17.4,7.0,2024-05-22,2024-05-22,09:51,09:58
136,SELL,res1,2024-05-22T10:08:00,18678.55,18553.55,2024-05-22T15:39:00,18706.95,STOP_LOSS,-28.4,331.0,2024-05-22,2024-05-22,10:08,15:39
137,BUY,res1,2024-05-22T15:39:00,18703.55,18828.55,2024-05-22T16:30:00,18674.05,STOP_LOSS,-29.5,51.0,2024-05-22,2024-05-22,15:39,16:30
138,BUY,res1,2024-05-23T14:32:00,18751.85,18876.85,2024-05-23T14:57:00,18733.35,STOP_LOSS,-18.5,25.0,2024-05-23,2024-05-23,14:32,14:57
139,SELL,res1,2024-05-23T15:39:00,18707.75,18582.75,2024-05-23T16:30:00,18677.45,FORCE_EXIT,30.3,51.0,2024-05-23,2024-05-23,15:39,16:30
140,SELL,sup1,2024-05-24T09:00:00,18540.35,18415.35,2024-05-24T10:11:00,18605.75,STOP_LOSS,-65.4,71.0,2024-05-24,2024-05-24,09:00,10:11
141,BUY,res1,2024-05-24T14:36:00,18631.85,18756.85,2024-05-24T14:53:00,18611.25,STOP_LOSS,-20.6,17.0,2024-05-24,2024-05-24,14:36,14:53
142,SELL,res1,2024-05-24T15:30:00,18612.05,18487.05,2024-05-24T16:21:00,18633.65,STOP_LOSS,-21.6,51.0,2024-05-24,2024-05-24,15:30,16:21
143,BUY,res1,2024-05-24T16:21:00,18628.65,18753.65,2024-05-24T16:30:00,18630.35,FORCE_EXIT,1.7,9.0,2024-05-24,2024-05-24,16:21,16:30
144,SELL,res1,2024-05-27T13:15:00,18713.45,18588.45,2024-05-27T14:03:00,18739.85,STOP_LOSS,-26.4,48.0,2024-05-27,2024-05-27,13:15,14:03
145,BUY,res1,2024-05-27T14:03:00,18735.05,18860.05,2024-05-27T16:30:00,18748.65,FORCE_EXIT,13.6,147.0,2024-05-27,2024-05-27,14:03,16:30
146,SELL,sup1,2024-05-28T14:45:00,18714.15,18589.15,2024-05-28T16:30:00,18646.25,FORCE_EXIT,67.9,105.0,2024-05-28,2024-05-28,14:45,16:30
147,SELL,res1,2024-05-30T11:45:00,18471.65,18346.65,2024-05-30T15:28:00,18515.15,STOP_LOSS,-43.5,223.0,2024-05-30,2024-05-30,11:45,15:28
148,BUY,res1,2024-05-30T15:28:00,18512.55,18637.55,2024-05-30T16:30:00,18493.95,FORCE_EXIT,-18.6,62.0,2024-05-30,2024-05-30,15:28,16:30
149,SELL,res1,2024-05-31T09:32:00,18464.55,18339.55,2024-05-31T10:19:00,18504.85,STOP_LOSS,-40.3,47.0,2024-05-31,2024-05-31,09:32,10:19
150,BUY,res1,2024-05-31T10:19:00,18497.45,18622.45,2024-05-31T11:00:00,18471.05,STOP_LOSS,-26.4,41.0,2024-05-31,2024-05-31,10:19,11:00
151,SELL,res1,2024-05-31T11:00:00,18488.85,18363.85,2024-05-31T14:39:00,18535.55,STOP_LOSS,-46.7,219.0,2024-05-31,2024-05-31,11:00,14:39
152,BUY,res1,2024-05-31T14:39:00,18530.65,18655.65,2024-05-31T16:13:00,18483.75,STOP_LOSS,-46.9,94.0,2024-05-31,2024-05-31,14:39,16:13
153,SELL,res1,2024-05-31T16:15:00,18478.75,18353.75,2024-05-31T16:30:00,18431.95,FORCE_EXIT,46.8,15.0,2024-05-31,2024-05-31,16:15,16:30
154,SELL,res1,2024-06-03T12:47:00,18641.75,18516.75,2024-06-03T16:30:00,18632.95,FORCE_EXIT,8.8,223.0,2024-06-03,2024-06-03,12:47,16:30
155,BUY,res1,2024-06-05T12:17:00,18540.95,18665.95,2024-06-05T16:30:00,18548.35,FORCE_EXIT,7.4,253.0,2024-06-05,2024-06-05,12:17,16:30
156,SELL,sup1,2024-06-07T11:17:00,18505.95,18380.95,2024-06-07T15:51:00,18559.35,STOP_LOSS,-53.4,274.0,2024-06-07,2024-06-07,11:17,15:51
157,BUY,sup1,2024-06-07T15:51:00,18553.95,18678.95,2024-06-07T16:30:00,18574.15,FORCE_EXIT,20.2,39.0,2024-06-07,2024-06-07,15:51,16:30
158,SELL,sup1,2024-06-11T12:00:00,18370.75,18245.75,2024-06-11T16:30:00,18351.25,FORCE_EXIT,19.5,270.0,2024-06-11,2024-06-11,12:00,16:30
159,SELL,res1,2024-06-12T12:48:00,18465.95,18340.95,2024-06-12T13:42:00,18501.55,STOP_LOSS,-35.6,54.0,2024-06-12,2024-06-12,12:48,13:42
160,BUY,res1,2024-06-12T13:42:00,18494.15,18619.15,2024-06-12T15:43:00,18618.05,TARGET,123.9,121.0,2024-06-12,2024-06-12,13:42,15:43
161,SELL,sup1,2024-06-13T12:16:00,18405.85,18280.85,2024-06-13T13:16:00,18454.05,STOP_LOSS,-48.2,60.0,2024-06-13,2024-06-13,12:16,13:16
162,BUY,sup1,2024-06-13T13:16:00,18452.95,18577.95,2024-06-13T15:08:00,18416.95,STOP_LOSS,-36.0,112.0,2024-06-13,2024-06-13,13:16,15:08
163,SELL,sup1,2024-06-13T16:05:00,18351.25,18226.25,2024-06-13T16:30:00,18306.85,FORCE_EXIT,44.4,25.0,2024-06-13,2024-06-13,16:05,16:30
164,BUY,sup1,2024-06-17T09:00:00,18092.25,18217.25,2024-06-17T10:44:00,18032.05,STOP_LOSS,-60.2,104.0,2024-06-17,2024-06-17,09:00,10:44
165,SELL,res1,2024-06-17T10:46:00,18040.15,17915.15,2024-06-17T16:30:00,18036.25,FORCE_EXIT,3.9,344.0,2024-06-17,2024-06-17,10:46,16:30
166,BUY,res1,2024-06-18T09:00:00,18193.35,18318.35,2024-06-18T09:56:00,18130.95,STOP_LOSS,-62.4,56.0,2024-06-18,2024-06-18,09:00,09:56
167,BUY,sup1,2024-06-19T09:48:00,18106.15,18231.15,2024-06-19T10:48:00,18064.95,STOP_LOSS,-41.2,60.0,2024-06-19,2024-06-19,09:48,10:48
168,BUY,sup1,2024-06-19T13:12:00,18095.15,18220.15,2024-06-19T16:30:00,18085.85,FORCE_EXIT,-9.3,198.0,2024-06-19,2024-06-19,13:12,16:30
169,SELL,res1,2024-06-20T13:09:00,18170.35,18045.35,2024-06-20T16:30:00,18207.15,FORCE_EXIT,-36.8,201.0,2024-06-20,2024-06-20,13:09,16:30
170,BUY,res1,2024-06-21T09:00:00,18232.45,18357.45,2024-06-21T10:33:00,18181.05,STOP_LOSS,-51.4,93.0,2024-06-21,2024-06-21,09:00,10:33
171,SELL,res1,2024-06-21T11:13:00,18163.35,18038.35,2024-06-21T16:30:00,18172.35,FORCE_EXIT,-9.0,317.0,2024-06-21,2024-06-21,11:13,16:30
172,BUY,res1,2024-06-24T09:00:00,18206.55,18331.55,2024-06-24T15:51:00,18344.15,TARGET,137.6,411.0,2024-06-24,2024-06-24,09:00,15:51
173,BUY,res1,2024-06-24T16:09:00,18343.35,18518.35,2024-06-24T16:30:00,18340.35,FORCE_EXIT,-3.0,21.0,2024-06-24,2024-06-24,16:09,16:30
174,BUY,res1,2024-06-25T16:30:00,18161.65,18286.65,2024-06-25T16:30:00,18168.55,FORCE_EXIT,6.9,0.0,2024-06-25,2024-06-25,16:30,16:30
175,SELL,sup1,2024-06-26T14:49:00,18086.25,17961.25,2024-06-26T15:50:00,18134.85,STOP_LOSS,-48.6,61.0,2024-06-26,2024-06-26,14:49,15:50
176,BUY,sup1,2024-06-26T16:05:00,18144.85,18269.85,2024-06-26T16:30:00,18146.45,FORCE_EXIT,1.6,25.0,2024-06-26,2024-06-26,16:05,16:30
177,SELL,res1,2024-06-27T14:05:00,18202.45,18077.45,2024-06-27T16:05:00,18243.65,STOP_LOSS,-41.2,120.0,2024-06-27,2024-06-27,14:05,16:05
178,BUY,res1,2024-06-27T16:05:00,18229.85,18354.85,2024-06-27T16:30:00,18247.65,FORCE_EXIT,17.8,25.0,2024-06-27,2024-06-27,16:05,16:30
179,BUY,sup1,2024-06-28T15:12:00,18233.05,18358.05,2024-06-28T16:30:00,18291.55,FORCE_EXIT,58.5,78.0,2024-06-28,2024-06-28,15:12,16:30
180,BUY,res1,2024-07-01T10:30:00,18345.35,18470.35,2024-07-01T10:34:00,18331.35,STOP_LOSS,-14.0,4.0,2024-07-01,2024-07-01,10:30,10:34
181,SELL,res1,2024-07-01T11:12:00,18303.55,18178.55,2024-07-01T15:21:00,18355.55,STOP_LOSS,-52.0,249.0,2024-07-01,2024-07-01,11:12,15:21
182,BUY,sup1,2024-07-03T11:16:00,18302.25,18427.25,2024-07-03T16:30:00,18335.65,FORCE_EXIT,33.4,314.0,2024-07-03,2024-07-03,11:16,16:30
183,SELL,res1,2024-07-04T16:30:00,18419.85,18294.85,2024-07-04T16:30:00,18417.55,FORCE_EXIT,2.3,0.0,2024-07-04,2024-07-04,16:30,16:30
184,SELL,res1,2024-07-05T15:01:00,18604.45,18479.45,2024-07-05T15:52:00,18482.25,TARGET,122.2,51.0,2024-07-05,2024-07-05,15:01,15:52
185,SELL,res1,2024-07-08T12:01:00,18563.05,18438.05,2024-07-08T16:30:00,18496.15,FORCE_EXIT,66.9,269.0,2024-07-08,2024-07-08,12:01,16:30
186,BUY,sup1,2024-07-09T13:52:00,18390.05,18515.05,2024-07-09T14:16:00,18362.45,STOP_LOSS,-27.6,24.0,2024-07-09,2024-07-09,13:52,14:16
187,SELL,sup1,2024-07-09T14:31:00,18305.55,18180.55,2024-07-09T16:30:00,18237.55,FORCE_EXIT,68.0,119.0,2024-07-09,2024-07-09,14:31,16:30
188,BUY,res1,2024-07-10T16:01:00,18384.15,18509.15,2024-07-10T16:22:00,18369.05,STOP_LOSS,-15.1,21.0,2024-07-10,2024-07-10,16:01,16:22
189,BUY,res1,2024-07-11T09:00:00,18498.05,18623.05,2024-07-11T09:10:00,18436.05,STOP_LOSS,-62.0,10.0,2024-07-11,2024-07-11,09:00,09:10
190,BUY,res1,2024-07-11T14:30:00,18491.7,18616.7,2024-07-11T14:59:00,18447.75,STOP_LOSS,-43.95,29.0,2024-07-11,2024-07-11,14:30,14:59
191,BUY,res1,2024-07-11T15:16:00,18491.05,18616.05,2024-07-11T16:30:00,18539.75,FORCE_EXIT,48.7,74.0,2024-07-11,2024-07-11,15:16,16:30
192,BUY,sup1,2024-07-12T14:48:00,18579.95,18704.95,2024-07-12T16:14:00,18713.45,TARGET,133.5,86.0,2024-07-12,2024-07-12,14:48,16:14
193,SELL,res1,2024-07-15T11:46:00,18718.95,18593.95,2024-07-15T15:34:00,18592.45,TARGET,126.5,228.0,2024-07-15,2024-07-15,11:46,15:34
194,SELL,res1,2024-07-16T15:00:00,18483.55,18358.55,2024-07-16T16:30:00,18509.55,FORCE_EXIT,-26.0,90.0,2024-07-16,2024-07-16,15:00,16:30
195,SELL,res1,2024-07-17T10:10:00,18478.65,18353.65,2024-07-17T13:18:00,18350.65,TARGET,128.0,188.0,2024-07-17,2024-07-17,10:10,13:18
196,SELL,sup1,2024-07-17T14:57:00,18423.65,18248.65,2024-07-17T15:50:00,18486.65,STOP_LOSS,-63.0,53.0,2024-07-17,2024-07-17,14:57,15:50
197,SELL,res1,2024-07-17T16:05:00,18471.65,18296.65,2024-07-17T16:30:00,18478.65,FORCE_EXIT,-7.0,25.0,2024-07-17,2024-07-17,16:05,16:30
198,SELL,res1,2024-07-18T09:25:00,18437.65,18312.65,2024-07-18T14:55:00,18498.15,STOP_LOSS,-60.5,330.0,2024-07-18,2024-07-18,09:25,14:55
199,BUY,res1,2024-07-18T15:30:00,18503.65,18628.65,2024-07-18T16:30:00,18454.65,FORCE_EXIT,-49.0,60.0,2024-07-18,2024-07-18,15:30,16:30
200,BUY,res1,2024-07-22T10:01:00,18263.95,18388.95,2024-07-22T11:34:00,18392.95,TARGET,129.0,93.0,2024-07-22,2024-07-22,10:01,11:34
201,SELL,sup1,2024-07-24T10:02:00,18373.05,18248.05,2024-07-24T11:58:00,18412.05,STOP_LOSS,-39.0,116.0,2024-07-24,2024-07-24,10:02,11:58
202,BUY,sup1,2024-07-24T11:58:00,18412.05,18537.05,2024-07-24T14:53:00,18386.05,STOP_LOSS,-26.0,175.0,2024-07-24,2024-07-24,11:58,14:53
203,SELL,res1,2024-07-24T15:53:00,18397.55,18272.55,2024-07-24T16:30:00,18434.05,FORCE_EXIT,-36.5,37.0,2024-07-24,2024-07-24,15:53,16:30
204,SELL,res1,2024-07-25T14:26:00,18154.65,18029.65,2024-07-25T14:47:00,18197.15,STOP_LOSS,-42.5,21.0,2024-07-25,2024-07-25,14:26,14:47
205,BUY,res1,2024-07-25T14:47:00,18193.15,18318.15,2024-07-25T16:13:00,18167.15,STOP_LOSS,-26.0,86.0,2024-07-25,2024-07-25,14:47,16:13
206,BUY,res1,2024-07-25T16:16:00,18192.15,18317.15,2024-07-25T16:30:00,18250.15,FORCE_EXIT,58.0,14.0,2024-07-25,2024-07-25,16:16,16:30
207,SELL,res1,2024-07-29T12:50:00,18485.45,18360.45,2024-07-29T16:14:00,18359.45,TARGET,126.0,204.0,2024-07-29,2024-07-29,12:50,16:14
208,SELL,sup1,2024-07-29T16:20:00,18360.45,18185.45,2024-07-29T16:30:00,18327.95,FORCE_EXIT,32.5,10.0,2024-07-29,2024-07-29,16:20,16:30
209,SELL,res1,2024-07-31T11:29:00,18467.05,18342.05,2024-07-31T12:10:00,18501.55,STOP_LOSS,-34.5,41.0,2024-07-31,2024-07-31,11:29,12:10
210,SELL,sup1,2024-07-31T15:45:00,18443.55,18318.55,2024-07-31T16:15:00,18499.55,STOP_LOSS,-56.0,30.0,2024-07-31,2024-07-31,15:45,16:15
211,BUY,sup1,2024-07-31T16:15:00,18484.55,18609.55,2024-07-31T16:30:00,18492.05,FORCE_EXIT,7.5,15.0,2024-07-31,2024-07-31,16:15,16:30
212,SELL,sup1,2024-08-01T16:16:00,18188.65,18063.65,2024-08-01T16:30:00,18163.65,FORCE_EXIT,25.0,14.0,2024-08-01,2024-08-01,16:16,16:30
213,SELL,sup1,2024-08-02T15:31:00,17722.25,17597.25,2024-08-02T16:30:00,17712.75,FORCE_EXIT,9.5,59.0,2024-08-02,2024-08-02,15:31,16:30
214,SELL,sup1,2024-08-05T14:21:00,17073.4,16948.4,2024-08-05T15:06:00,17145.9,STOP_LOSS,-72.5,45.0,2024-08-05,2024-08-05,14:21,15:06
215,BUY,sup1,2024-08-05T16:00:00,17213.9,17338.9,2024-08-05T16:30:00,17241.4,FORCE_EXIT,27.5,30.0,2024-08-05,2024-08-05,16:00,16:30
216,BUY,sup1,2024-08-06T15:52:00,17304.05,17429.05,2024-08-06T16:30:00,17296.05,FORCE_EXIT,-8.0,38.0,2024-08-06,2024-08-06,15:52,16:30
217,BUY,res1,2024-08-07T09:00:00,17427.1,17552.1,2024-08-07T11:01:00,17553.05,TARGET,125.95,121.0,2024-08-07,2024-08-07,09:00,11:01
218,BUY,res1,2024-08-07T15:38:00,17595.05,17770.05,2024-08-07T16:30:00,17597.05,FORCE_EXIT,2.0,52.0,2024-08-07,2024-08-07,15:38,16:30
219,SELL,sup1,2024-08-08T09:17:00,17484.15,17359.15,2024-08-08T14:30:00,17554.65,STOP_LOSS,-70.5,313.0,2024-08-08,2024-08-08,09:17,14:30
220,BUY,res1,2024-08-08T14:30:00,17493.15,17618.15,2024-08-08T15:18:00,17610.15,TARGET,117.0,48.0,2024-08-08,2024-08-08,14:30,15:18
221,BUY,res1,2024-08-12T09:45:00,17788.95,17913.95,2024-08-12T10:36:00,17756.45,STOP_LOSS,-32.5,51.0,2024-08-12,2024-08-12,09:45,10:36
222,SELL,res1,2024-08-12T10:46:00,17741.45,17616.45,2024-08-12T16:30:00,17709.45,FORCE_EXIT,32.0,344.0,2024-08-12,2024-08-12,10:46,16:30
223,BUY,sup1,2024-08-13T09:00:00,17789.0,17914.0,2024-08-13T12:00:00,17724.55,STOP_LOSS,-64.45,180.0,2024-08-13,2024-08-13,09:00,12:00
224,SELL,res1,2024-08-13T12:00:00,17740.55,17615.55,2024-08-13T16:30:00,17743.05,FORCE_EXIT,-2.5,270.0,2024-08-13,2024-08-13,12:00,16:30
225,BUY,sup1,2024-08-14T09:00:00,17867.6,17992.6,2024-08-14T16:30:00,17847.65,FORCE_EXIT,-19.95,450.0,2024-08-14,2024-08-14,09:00,16:30
226,BUY,res1,2024-08-15T14:45:00,18066.65,18191.65,2024-08-15T16:30:00,18176.65,FORCE_EXIT,110.0,105.0,2024-08-15,2024-08-15,14:45,16:30
227,SELL,res1,2024-08-19T09:18:00,18297.45,18172.45,2024-08-19T11:50:00,18338.95,STOP_LOSS,-41.5,152.0,2024-08-19,2024-08-19,09:18,11:50
228,BUY,res1,2024-08-19T11:51:00,18339.95,18464.95,2024-08-19T16:30:00,18429.45,FORCE_EXIT,89.5,279.0,2024-08-19,2024-08-19,11:51,16:30
229,BUY,res1,2024-08-21T11:12:00,18420.65,18545.65,2024-08-21T16:30:00,18425.65,FORCE_EXIT,5.0,318.0,2024-08-21,2024-08-21,11:12,16:30
230,BUY,res1,2024-08-22T15:41:00,18529.65,18654.65,2024-08-22T15:52:00,18513.15,STOP_LOSS,-16.5,11.0,2024-08-22,2024-08-22,15:41,15:52
231,SELL,res1,2024-08-22T16:15:00,18506.15,18381.15,2024-08-22T16:30:00,18505.15,FORCE_EXIT,1.0,15.0,2024-08-22,2024-08-22,16:15,16:30
232,BUY,res1,2024-08-23T10:17:00,18543.25,18668.25,2024-08-23T16:13:00,18670.75,TARGET,127.5,356.0,2024-08-23,2024-08-23,10:17,16:13
233,SELL,res1,2024-08-26T11:17:00,18580.95,18455.95,2024-08-26T16:30:00,18638.45,FORCE_EXIT,-57.5,313.0,2024-08-26,2024-08-26,11:17,16:30
234,BUY,res1,2024-08-27T10:05:00,18669.05,18794.05,2024-08-27T16:30:00,18722.05,FORCE_EXIT,53.0,385.0,2024-08-27,2024-08-27,10:05,16:30
235,SELL,sup1,2024-08-29T15:50:00,18879.65,18754.65,2024-08-29T16:12:00,18905.65,STOP_LOSS,-26.0,22.0,2024-08-29,2024-08-29,15:50,16:12
236,BUY,sup1,2024-08-29T16:16:00,18903.65,19028.65,2024-08-29T16:30:00,18905.15,FORCE_EXIT,1.5,14.0,2024-08-29,2024-08-29,16:16,16:30
237,BUY,sup1,2024-08-30T09:15:00,18900.25,19025.25,2024-08-30T16:30:00,18945.75,FORCE_EXIT,45.5,435.0,2024-08-30,2024-08-30,09:15,16:30
238,SELL,sup1,2024-09-02T09:30:00,18812.95,18687.95,2024-09-02T10:18:00,18874.95,STOP_LOSS,-62.0,48.0,2024-09-02,2024-09-02,09:30,10:18
239,BUY,sup1,2024-09-02T10:23:00,18879.45,19004.45,2024-09-02T16:30:00,18925.45,FORCE_EXIT,46.0,367.0,2024-09-02,2024-09-02,10:23,16:30
240,SELL,res1,2024-09-03T10:30:00,18917.05,18792.05,2024-09-03T15:50:00,18790.55,TARGET,126.5,320.0,2024-09-03,2024-09-03,10:30,15:50
241,SELL,res1,2024-09-04T16:00:00,18605.65,18480.65,2024-09-04T16:30:00,18607.15,FORCE_EXIT,-1.5,30.0,2024-09-04,2024-09-04,16:00,16:30
242,SELL,res1,2024-09-05T10:17:00,18623.15,18498.15,2024-09-05T16:01:00,18654.65,STOP_LOSS,-31.5,344.0,2024-09-05,2024-09-05,10:17,16:01
243,BUY,res1,2024-09-05T16:01:00,18650.15,18775.15,2024-09-05T16:30:00,18668.65,FORCE_EXIT,18.5,29.0,2024-09-05,2024-09-05,16:01,16:30
244,SELL,sup1,2024-09-09T10:16:00,18396.05,18271.05,2024-09-09T11:15:00,18442.55,STOP_LOSS,-46.5,59.0,2024-09-09,2024-09-09,10:16,11:15
245,BUY,sup1,2024-09-09T11:15:00,18435.55,18560.55,2024-09-09T12:25:00,18413.05,STOP_LOSS,-22.5,70.0,2024-09-09,2024-09-09,11:15,12:25
246,BUY,sup1,2024-09-09T14:54:00,18400.05,18525.05,2024-09-09T16:30:00,18431.05,FORCE_EXIT,31.0,96.0,2024-09-09,2024-09-09,14:54,16:30
247,BUY,res1,2024-09-10T09:31:00,18458.15,18583.15,2024-09-10T10:48:00,18422.65,STOP_LOSS,-35.5,77.0,2024-09-10,2024-09-10,09:31,10:48
248,SELL,res1,2024-09-10T11:00:00,18412.15,18287.15,2024-09-10T11:50:00,18446.65,STOP_LOSS,-34.5,50.0,2024-09-10,2024-09-10,11:00,11:50
249,BUY,res1,2024-09-10T11:50:00,18443.15,18568.15,2024-09-10T12:11:00,18420.65,STOP_LOSS,-22.5,21.0,2024-09-10,2024-09-10,11:50,12:11
250,SELL,res1,2024-09-10T12:15:00,18410.65,18285.65,2024-09-10T12:34:00,18446.15,STOP_LOSS,-35.5,19.0,2024-09-10,2024-09-10,12:15,12:34
251,BUY,res1,2024-09-10T12:34:00,18442.15,18567.15,2024-09-10T12:51:00,18405.65,STOP_LOSS,-36.5,17.0,2024-09-10,2024-09-10,12:34,12:51
252,SELL,sup1,2024-09-10T15:15:00,18321.65,18196.65,2024-09-10T16:30:00,18274.65,FORCE_EXIT,47.0,75.0,2024-09-10,2024-09-10,15:15,16:30
253,SELL,sup1,2024-09-11T09:43:00,18344.15,18219.15,2024-09-11T14:56:00,18389.65,STOP_LOSS,-45.5,313.0,2024-09-11,2024-09-11,09:43,14:56
254,BUY,res1,2024-09-11T14:56:00,18379.65,18504.65,2024-09-11T15:52:00,18335.65,STOP_LOSS,-44.0,56.0,2024-09-11,2024-09-11,14:56,15:52
255,SELL,res1,2024-09-11T16:00:00,18324.65,18199.65,2024-09-11T16:30:00,18228.65,FORCE_EXIT,96.0,30.0,2024-09-11,2024-09-11,16:00,16:30
256,SELL,res1,2024-09-12T14:16:00,18561.75,18436.75,2024-09-12T15:29:00,18423.25,TARGET,138.5,73.0,2024-09-12,2024-09-12,14:16,15:29
257,BUY,res1,2024-09-13T09:16:00,18576.75,18701.75,2024-09-13T16:20:00,18701.75,TARGET,125.0,424.0,2024-09-13,2024-09-13,09:16,16:20
258,BUY,res1,2024-09-16T10:04:00,18658.65,18783.65,2024-09-16T15:36:00,18617.65,STOP_LOSS,-41.0,332.0,2024-09-16,2024-09-16,10:04,15:36
259,SELL,res1,2024-09-16T15:36:00,18629.15,18504.15,2024-09-16T16:30:00,18642.15,FORCE_EXIT,-13.0,54.0,2024-09-16,2024-09-16,15:36,16:30
260,BUY,sup1,2024-09-17T16:21:00,18758.15,18883.15,2024-09-17T16:30:00,18761.15,FORCE_EXIT,3.0,9.0,2024-09-17,2024-09-17,16:21,16:30
261,SELL,sup1,2024-09-18T10:30:00,18704.15,18579.15,2024-09-18T15:26:00,18762.15,STOP_LOSS,-58.0,296.0,2024-09-18,2024-09-18,10:30,15:26
262,BUY,sup1,2024-09-18T15:26:00,18758.15,18883.15,2024-09-18T15:52:00,18724.65,STOP_LOSS,-33.5,26.0,2024-09-18,2024-09-18,15:26,15:52
263,SELL,res1,2024-09-20T09:00:00,18910.0,18785.0,2024-09-20T15:40:00,18784.05,TARGET,125.95,400.0,2024-09-20,2024-09-20,09:00,15:40
264,SELL,sup1,2024-09-20T15:58:00,18752.05,18577.05,2024-09-20T16:30:00,18763.05,FORCE_EXIT,-11.0,32.0,2024-09-20,2024-09-20,15:58,16:30
265,SELL,sup1,2024-09-23T10:18:00,18770.25,18645.25,2024-09-23T13:57:00,18829.75,STOP_LOSS,-59.5,219.0,2024-09-23,2024-09-23,10:18,13:57
266,SELL,res1,2024-09-24T13:00:00,18981.65,18856.65,2024-09-24T16:30:00,18928.65,FORCE_EXIT,53.0,210.0,2024-09-24,2024-09-24,13:00,16:30
267,SELL,res1,2024-09-25T12:45:00,18907.55,18782.55,2024-09-25T13:15:00,18945.55,STOP_LOSS,-38.0,30.0,2024-09-25,2024-09-25,12:45,13:15
268,BUY,res1,2024-09-25T13:15:00,18940.55,19065.55,2024-09-25T15:31:00,18908.55,STOP_LOSS,-32.0,136.0,2024-09-25,2024-09-25,13:15,15:31
269,SELL,res1,2024-09-25T15:49:00,18896.55,18771.55,2024-09-25T16:30:00,18898.55,FORCE_EXIT,-2.0,41.0,2024-09-25,2024-09-25,15:49,16:30
270,BUY,res1,2024-09-26T14:42:00,19167.95,19292.95,2024-09-26T16:30:00,19204.45,FORCE_EXIT,36.5,108.0,2024-09-26,2024-09-26,14:42,16:30
271,BUY,res1,2024-10-01T09:48:00,19407.95,19532.95,2024-10-01T10:05:00,19384.95,STOP_LOSS,-23.0,17.0,2024-10-01,2024-10-01,09:48,10:05
272,SELL,res1,2024-10-01T10:24:00,19371.45,19246.45,2024-10-01T13:04:00,19412.95,STOP_LOSS,-41.5,160.0,2024-10-01,2024-10-01,10:24,13:04
273,BUY,res1,2024-10-01T13:04:00,19406.95,19531.95,2024-10-01T15:34:00,19377.95,STOP_LOSS,-29.0,150.0,2024-10-01,2024-10-01,13:04,15:34
274,SELL,sup1,2024-10-01T15:45:00,19300.45,19175.45,2024-10-01T16:18:00,19176.95,TARGET,123.5,33.0,2024-10-01,2024-10-01,15:45,16:18
275,SELL,sup1,2024-10-02T12:56:00,19136.75,19011.75,2024-10-02T16:30:00,19112.25,FORCE_EXIT,24.5,214.0,2024-10-02,2024-10-02,12:56,16:30
276,SELL,res1,2024-10-03T13:15:00,19079.65,18954.65,2024-10-03T16:30:00,18966.65,FORCE_EXIT,113.0,195.0,2024-10-03,2024-10-03,13:15,16:30
277,SELL,sup1,2024-10-04T09:00:00,18977.6,18852.6,2024-10-04T09:23:00,19014.55,STOP_LOSS,-36.95,23.0,2024-10-04,2024-10-04,09:00,09:23
278,BUY,sup1,2024-10-04T09:23:00,19008.05,19133.05,2024-10-04T14:36:00,19133.55,TARGET,125.5,313.0,2024-10-04,2024-10-04,09:23,14:36
279,BUY,sup1,2024-10-08T12:19:00,19052.15,19177.15,2024-10-08T16:30:00,19058.65,FORCE_EXIT,6.5,251.0,2024-10-08,2024-10-08,12:19,16:30
280,BUY,res1,2024-10-09T11:48:00,19097.05,19222.05,2024-10-09T16:30:00,19203.05,FORCE_EXIT,106.0,282.0,2024-10-09,2024-10-09,11:48,16:30
281,BUY,res1,2024-10-10T12:32:00,19253.95,19378.95,2024-10-10T14:41:00,19214.95,STOP_LOSS,-39.0,129.0,2024-10-10,2024-10-10,12:32,14:41
282,SELL,sup1,2024-10-10T15:47:00,19163.95,19038.95,2024-10-10T16:06:00,19193.95,STOP_LOSS,-30.0,19.0,2024-10-10,2024-10-10,15:47,16:06
283,BUY,sup1,2024-10-10T16:18:00,19205.95,19330.95,2024-10-10T16:30:00,19197.95,FORCE_EXIT,-8.0,12.0,2024-10-10,2024-10-10,16:18,16:30
284,SELL,res1,2024-10-11T13:20:00,19246.35,19121.35,2024-10-11T15:44:00,19285.35,STOP_LOSS,-39.0,144.0,2024-10-11,2024-10-11,13:20,15:44
285,BUY,res1,2024-10-11T15:44:00,19280.35,19405.35,2024-10-11T16:30:00,19342.85,FORCE_EXIT,62.5,46.0,2024-10-11,2024-10-11,15:44,16:30
286,BUY,res1,2024-10-14T15:49:00,19481.05,19606.05,2024-10-14T16:30:00,19503.55,FORCE_EXIT,22.5,41.0,2024-10-14,2024-10-14,15:49,16:30
287,SELL,sup1,2024-10-16T09:00:00,19485.4,19360.4,2024-10-16T16:30:00,19500.35,FORCE_EXIT,-14.95,450.0,2024-10-16,2024-10-16,09:00,16:30
288,BUY,res1,2024-10-17T10:49:00,19591.25,19716.25,2024-10-17T11:23:00,19566.25,STOP_LOSS,-25.0,34.0,2024-10-17,2024-10-17,10:49,11:23
289,SELL,res1,2024-10-17T11:34:00,19556.25,19431.25,2024-10-17T12:04:00,19587.75,STOP_LOSS,-31.5,30.0,2024-10-17,2024-10-17,11:34,12:04
290,BUY,res1,2024-10-17T12:04:00,19584.75,19709.75,2024-10-17T13:37:00,19569.25,STOP_LOSS,-15.5,93.0,2024-10-17,2024-10-17,12:04,13:37
291,SELL,res1,2024-10-17T13:45:00,19555.75,19430.75,2024-10-17T14:37:00,19606.25,STOP_LOSS,-50.5,52.0,2024-10-17,2024-10-17,13:45,14:37
292,BUY,res1,2024-10-17T15:00:00,19603.25,19728.25,2024-10-17T16:01:00,19573.75,STOP_LOSS,-29.5,61.0,2024-10-17,2024-10-17,15:00,16:01
293,SELL,res1,2024-10-17T16:26:00,19577.25,19452.25,2024-10-17T16:30:00,19557.25,FORCE_EXIT,20.0,4.0,2024-10-17,2024-10-17,16:26,16:30
294,BUY,res1,2024-10-18T09:43:00,19604.65,19729.65,2024-10-18T16:30:00,19648.15,FORCE_EXIT,43.5,407.0,2024-10-18,2024-10-18,09:43,16:30
295,SELL,res1,2024-10-21T09:01:00,19607.9,19482.9,2024-10-21T09:39:00,19640.85,STOP_LOSS,-32.95,38.0,2024-10-21,2024-10-21,09:01,09:39
296,SELL,sup1,2024-10-21T11:16:00,19594.35,19469.35,2024-10-21T13:24:00,19471.35,TARGET,123.0,128.0,2024-10-21,2024-10-21,11:16,13:24
297,SELL,sup1,2024-10-22T11:44:00,19424.25,19299.25,2024-10-22T16:30:00,19457.75,FORCE_EXIT,-33.5,286.0,2024-10-22,2024-10-22,11:44,16:30
298,SELL,res1,2024-10-23T12:02:00,19429.15,19304.15,2024-10-23T16:30:00,19443.15,FORCE_EXIT,-14.0,268.0,2024-10-23,2024-10-23,12:02,16:30
299,BUY,res1,2024-10-24T09:12:00,19442.55,19567.55,2024-10-24T16:30:00,19482.55,FORCE_EXIT,40.0,438.0,2024-10-24,2024-10-24,09:12,16:30
300,SELL,res1,2024-10-25T09:00:00,19408.6,19283.6,2024-10-25T11:07:00,19470.05,STOP_LOSS,-61.45,127.0,2024-10-25,2024-10-25,09:00,11:07
301,BUY,sup1,2024-10-25T11:15:00,19489.05,19614.05,2024-10-25T12:46:00,19459.55,STOP_LOSS,-29.5,91.0,2024-10-25,2024-10-25,11:15,12:46
302,BUY,res1,2024-10-25T16:25:00,19507.05,19632.05,2024-10-25T16:30:00,19508.55,FORCE_EXIT,1.5,5.0,2024-10-25,2024-10-25,16:25,16:30
303,BUY,res1,2024-10-28T09:30:00,19519.35,19644.35,2024-10-28T10:52:00,19486.35,STOP_LOSS,-33.0,82.0,2024-10-28,2024-10-28,09:30,10:52
304,SELL,res1,2024-10-28T11:06:00,19468.85,19343.85,2024-10-28T15:51:00,19511.85,STOP_LOSS,-43.0,285.0,2024-10-28,2024-10-28,11:06,15:51
305,BUY,sup1,2024-10-28T15:51:00,19511.35,19636.35,2024-10-28T16:30:00,19557.35,FORCE_EXIT,46.0,39.0,2024-10-28,2024-10-28,15:51,16:30
306,SELL,res1,2024-10-29T12:19:00,19582.25,19457.25,2024-10-29T16:30:00,19485.25,FORCE_EXIT,97.0,251.0,2024-10-29,2024-10-29,12:19,16:30
307,SELL,res1,2024-10-31T14:45:00,19151.05,19026.05,2024-10-31T15:40:00,19025.55,TARGET,125.5,55.0,2024-10-31,2024-10-31,14:45,15:40
308,BUY,sup1,2024-11-01T09:38:00,19141.95,19266.95,2024-11-01T16:03:00,19266.45,TARGET,124.5,385.0,2024-11-01,2024-11-01,09:38,16:03
309,SELL,sup1,2024-11-04T14:45:00,19200.15,19075.15,2024-11-04T16:30:00,19208.65,FORCE_EXIT,-8.5,105.0,2024-11-04,2024-11-04,14:45,16:30
310,SELL,sup1,2024-11-05T09:00:00,19175.6,19050.6,2024-11-05T16:30:00,19204.55,FORCE_EXIT,-28.95,450.0,2024-11-05,2024-11-05,09:00,16:30
311,BUY,res1,2024-11-06T09:00:00,19322.5,19447.5,2024-11-06T09:13:00,19453.45,TARGET,130.95,13.0,2024-11-06,2024-11-06,09:00,09:13
312,SELL,sup1,2024-11-06T15:30:00,19142.95,18967.95,2024-11-06T16:30:00,19060.45,FORCE_EXIT,82.5,60.0,2024-11-06,2024-11-06,15:30,16:30
313,BUY,sup1,2024-11-07T09:16:00,19185.35,19310.35,2024-11-07T13:26:00,19311.35,TARGET,126.0,250.0,2024-11-07,2024-11-07,09:16,13:26
314,SELL,sup1,2024-11-08T11:04:00,19223.25,19098.25,2024-11-08T16:30:00,19207.25,FORCE_EXIT,16.0,326.0,2024-11-08,2024-11-08,11:04,16:30
315,BUY,sup1,2024-11-11T09:00:00,19385.0,19510.0,2024-11-11T14:26:00,19511.95,TARGET,126.95,326.0,2024-11-11,2024-11-11,09:00,14:26
316,BUY,sup1,2024-11-12T14:50:00,19256.35,19381.35,2024-11-12T16:00:00,19221.85,STOP_LOSS,-34.5,70.0,2024-11-12,2024-11-12,14:50,16:00
317,SELL,sup1,2024-11-12T16:15:00,19137.85,19012.85,2024-11-12T16:30:00,19089.35,FORCE_EXIT,48.5,15.0,2024-11-12,2024-11-12,16:15,16:30
318,SELL,sup1,2024-11-13T13:08:00,19003.75,18878.75,2024-11-13T15:50:00,18856.75,TARGET,147.0,162.0,2024-11-13,2024-11-13,13:08,15:50
319,BUY,sup1,2024-11-14T09:04:00,19055.65,19180.65,2024-11-14T10:04:00,19184.15,TARGET,128.5,60.0,2024-11-14,2024-11-14,09:04,10:04
320,SELL,res1,2024-11-15T12:47:00,19233.05,19108.05,2024-11-15T16:30:00,19240.55,FORCE_EXIT,-7.5,223.0,2024-11-15,2024-11-15,12:47,16:30
321,SELL,res1,2024-11-18T09:45:00,19236.35,19111.35,2024-11-18T14:21:00,19108.85,TARGET,127.5,276.0,2024-11-18,2024-11-18,09:45,14:21
322,SELL,res1,2024-11-19T09:25:00,19156.25,19031.25,2024-11-19T10:19:00,19014.25,TARGET,142.0,54.0,2024-11-19,2024-11-19,09:25,10:19
323,SELL,sup1,2024-11-19T15:00:00,18841.25,18666.25,2024-11-19T15:35:00,18903.25,STOP_LOSS,-62.0,35.0,2024-11-19,2024-11-19,15:00,15:35
324,BUY,sup1,2024-11-20T09:00:00,19166.6,19291.6,2024-11-20T12:12:00,19106.15,STOP_LOSS,-60.45,192.0,2024-11-20,2024-11-20,09:00,12:12
325,SELL,res1,2024-11-20T14:43:00,19133.65,19008.65,2024-11-20T15:41:00,19011.15,TARGET,122.5,58.0,2024-11-20,2024-11-20,14:43,15:41
326,BUY,res1,2024-11-22T15:39:00,19265.95,19390.95,2024-11-22T16:30:00,19306.95,FORCE_EXIT,41.0,51.0,2024-11-22,2024-11-22,15:39,16:30
327,BUY,res1,2024-11-25T14:57:00,19420.15,19545.15,2024-11-25T16:11:00,19390.65,STOP_LOSS,-29.5,74.0,2024-11-25,2024-11-25,14:57,16:11
328,SELL,sup1,2024-11-27T09:20:00,19262.45,19137.45,2024-11-27T16:30:00,19260.45,FORCE_EXIT,2.0,430.0,2024-11-27,2024-11-27,09:20,16:30
329,BUY,res1,2024-11-28T10:00:00,19387.35,19512.35,2024-11-28T14:34:00,19345.85,STOP_LOSS,-41.5,274.0,2024-11-28,2024-11-28,10:00,14:34
330,SELL,res1,2024-11-28T16:01:00,19413.85,19288.85,2024-11-28T16:30:00,19425.35,FORCE_EXIT,-11.5,29.0,2024-11-28,2024-11-28,16:01,16:30
331,SELL,res1,2024-11-29T09:33:00,19402.25,19277.25,2024-11-29T11:20:00,19438.75,STOP_LOSS,-36.5,107.0,2024-11-29,2024-11-29,09:33,11:20
332,BUY,res1,2024-11-29T11:20:00,19432.25,19557.25,2024-11-29T16:06:00,19556.25,TARGET,124.0,286.0,2024-11-29,2024-11-29,11:20,16:06
333,BUY,sup1,2024-12-03T16:03:00,19970.95,20095.95,2024-12-03T16:30:00,19974.45,FORCE_EXIT,3.5,27.0,2024-12-03,2024-12-03,16:03,16:30
334,SELL,res1,2024-12-04T16:15:00,20208.85,20083.85,2024-12-04T16:30:00,20221.85,FORCE_EXIT,-13.0,15.0,2024-12-04,2024-12-04,16:15,16:30
335,BUY,res1,2024-12-05T09:03:00,20238.25,20363.25,2024-12-05T16:02:00,20361.75,TARGET,123.5,419.0,2024-12-05,2024-12-05,09:03,16:02
336,SELL,res1,2024-12-06T15:47:00,20388.65,20263.65,2024-12-06T16:30:00,20391.15,FORCE_EXIT,-2.5,43.0,2024-12-06,2024-12-06,15:47,16:30
337,BUY,res1,2024-12-09T09:00:00,20458.3,20583.3,2024-12-09T09:58:00,20398.85,STOP_LOSS,-59.45,58.0,2024-12-09,2024-12-09,09:00,09:58
338,SELL,res1,2024-12-09T11:17:00,20363.85,20238.85,2024-12-09T16:30:00,20387.85,FORCE_EXIT,-24.0,313.0,2024-12-09,2024-12-09,11:17,16:30
339,BUY,sup1,2024-12-10T10:06:00,20347.75,20472.75,2024-12-10T10:40:00,20323.75,STOP_LOSS,-24.0,34.0,2024-12-10,2024-12-10,10:06,10:40
340,BUY,sup1,2024-12-10T12:11:00,20349.25,20474.25,2024-12-10T16:30:00,20374.75,FORCE_EXIT,25.5,259.0,2024-12-10,2024-12-10,12:11,16:30
341,SELL,res1,2024-12-11T09:00:00,20319.1,20194.1,2024-12-11T15:34:00,20381.15,STOP_LOSS,-62.05,394.0,2024-12-11,2024-12-11,09:00,15:34
342,BUY,sup1,2024-12-11T15:34:00,20377.15,20502.15,2024-12-11T16:30:00,20367.15,FORCE_EXIT,-10.0,56.0,2024-12-11,2024-12-11,15:34,16:30
343,SELL,res1,2024-12-13T13:45:00,20447.85,20322.85,2024-12-13T16:30:00,20413.85,FORCE_EXIT,34.0,165.0,2024-12-13,2024-12-13,13:45,16:30
344,SELL,sup1,2024-12-16T09:16:00,20365.15,20240.15,2024-12-16T16:30:00,20348.15,FORCE_EXIT,17.0,434.0,2024-12-16,2024-12-16,09:16,16:30
345,SELL,res1,2024-12-17T12:45:00,20339.05,20214.05,2024-12-17T16:30:00,20271.55,FORCE_EXIT,67.5,225.0,2024-12-17,2024-12-17,12:45,16:30
346,BUY,res1,2024-12-18T11:59:00,20323.85,20448.85,2024-12-18T13:01:00,20298.85,STOP_LOSS,-25.0,62.0,2024-12-18,2024-12-18,11:59,13:01
347,SELL,res1,2024-12-18T14:00:00,20301.35,20176.35,2024-12-18T16:30:00,20282.85,FORCE_EXIT,18.5,150.0,2024-12-18,2024-12-18,14:00,16:30
348,SELL,sup1,2024-12-20T09:00:00,19823.8,19698.8,2024-12-20T11:20:00,19702.35,TARGET,121.45,140.0,2024-12-20,2024-12-20,09:00,11:20
349,BUY,res1,2024-12-20T15:44:00,19748.85,19923.85,2024-12-20T16:30:00,19849.85,FORCE_EXIT,101.0,46.0,2024-12-20,2024-12-20,15:44,16:30
350,SELL,res1,2024-12-23T14:19:00,19862.85,19737.85,2024-12-23T16:30:00,19828.85,FORCE_EXIT,34.0,131.0,2024-12-23,2024-12-23,14:19,16:30
351,SELL,res1,2024-12-30T10:49:00,19910.95,19785.95,2024-12-30T14:41:00,19800.95,TARGET,110.0,232.0,2024-12-30,2024-12-30,10:49,14:41
352,BUY,sup1,2025-01-02T09:00:00,19923.9,20048.9,2025-01-02T10:39:00,19863.35,STOP_LOSS,-60.55,99.0,2025-01-02,2025-01-02,09:00,10:39
353,SELL,res1,2025-01-02T10:39:00,19864.85,19739.85,2025-01-02T15:54:00,19951.35,STOP_LOSS,-86.5,315.0,2025-01-02,2025-01-02,10:39,15:54
354,BUY,res1,2025-01-03T09:02:00,19997.0,20122.0,2025-01-03T09:28:00,19932.55,STOP_LOSS,-64.45,26.0,2025-01-03,2025-01-03,09:02,09:28
355,SELL,res1,2025-01-03T14:17:00,19928.55,19803.55,2025-01-03T16:30:00,19869.55,FORCE_EXIT,59.0,133.0,2025-01-03,2025-01-03,14:17,16:30
356,BUY,sup1,2025-01-06T09:00:00,19951.0,20076.0,2025-01-06T12:19:00,20100.45,TARGET,149.45,199.0,2025-01-06,2025-01-06,09:00,12:19
357,SELL,res1,2025-01-07T09:15:00,20150.15,20025.15,2025-01-07T09:41:00,20178.15,STOP_LOSS,-28.0,26.0,2025-01-07,2025-01-07,09:15,09:41
358,BUY,res1,2025-01-07T09:45:00,20185.15,20310.15,2025-01-07T14:06:00,20307.15,TARGET,122.0,261.0,2025-01-07,2025-01-07,09:45,14:06
359,SELL,sup1,2025-01-08T14:08:00,20267.75,20142.75,2025-01-08T16:30:00,20248.25,FORCE_EXIT,19.5,142.0,2025-01-08,2025-01-08,14:08,16:30
360,SELL,res1,2025-01-10T09:45:00,20317.55,20192.55,2025-01-10T11:36:00,20340.55,STOP_LOSS,-23.0,111.0,2025-01-10,2025-01-10,09:45,11:36
361,BUY,res1,2025-01-10T11:36:00,20339.55,20464.55,2025-01-10T14:30:00,20290.55,STOP_LOSS,-49.0,174.0,2025-01-10,2025-01-10,11:36,14:30
362,BUY,sup1,2025-01-10T15:02:00,20289.55,20414.55,2025-01-10T16:01:00,20257.55,STOP_LOSS,-32.0,59.0,2025-01-10,2025-01-10,15:02,16:01
363,SELL,sup1,2025-01-13T09:00:00,20146.6,20021.6,2025-01-13T12:11:00,20019.55,TARGET,127.05,191.0,2025-01-13,2025-01-13,09:00,12:11
364,BUY,res1,2025-01-15T10:22:00,20340.35,20465.35,2025-01-15T14:30:00,20530.85,TARGET,190.5,248.0,2025-01-15,2025-01-15,10:22,14:30
365,SELL,res1,2025-01-16T13:52:00,20618.55,20493.55,2025-01-16T16:30:00,20576.55,FORCE_EXIT,42.0,158.0,2025-01-16,2025-01-16,13:52,16:30
366,BUY,res1,2025-01-17T09:00:00,20703.7,20828.7,2025-01-17T10:07:00,20832.65,TARGET,128.95,67.0,2025-01-17,2025-01-17,09:00,10:07
367,BUY,res1,2025-01-17T15:10:00,20866.65,21041.65,2025-01-17T16:30:00,20880.65,FORCE_EXIT,14.0,80.0,2025-01-17,2025-01-17,15:10,16:30
368,SELL,res1,2025-01-20T14:28:00,20890.65,20765.65,2025-01-20T14:31:00,20940.15,STOP_LOSS,-49.5,3.0,2025-01-20,2025-01-20,14:28,14:31
369,BUY,res1,2025-01-20T14:57:00,21009.65,21134.65,2025-01-20T16:30:00,21016.65,FORCE_EXIT,7.0,93.0,2025-01-20,2025-01-20,14:57,16:30
370,SELL,res1,2025-01-21T13:48:00,20965.35,20840.35,2025-01-21T15:08:00,20999.35,STOP_LOSS,-34.0,80.0,2025-01-21,2025-01-21,13:48,15:08
371,BUY,res1,2025-01-21T15:08:00,20994.85,21119.85,2025-01-21T16:30:00,20995.35,FORCE_EXIT,0.5,82.0,2025-01-21,2025-01-21,15:08,16:30
372,SELL,res1,2025-01-22T16:00:00,21270.95,21145.95,2025-01-22T16:30:00,21254.45,FORCE_EXIT,16.5,30.0,2025-01-22,2025-01-22,16:00,16:30
373,SELL,res1,2025-01-23T09:47:00,21254.65,21129.65,2025-01-23T11:19:00,21316.65,STOP_LOSS,-62.0,92.0,2025-01-23,2025-01-23,09:47,11:19
374,BUY,res1,2025-01-23T14:34:00,21328.65,21453.65,2025-01-23T16:30:00,21331.65,FORCE_EXIT,3.0,116.0,2025-01-23,2025-01-23,14:34,16:30
375,BUY,res1,2025-01-27T13:31:00,21184.25,21309.25,2025-01-27T16:00:00,21302.25,TARGET,118.0,149.0,2025-01-27,2025-01-27,13:31,16:00
376,BUY,res1,2025-01-29T15:20:00,21618.05,21743.05,2025-01-29T16:30:00,21656.05,FORCE_EXIT,38.0,70.0,2025-01-29,2025-01-29,15:20,16:30
377,BUY,sup1,2025-01-30T15:34:00,21678.25,21803.25,2025-01-30T16:02:00,21657.75,STOP_LOSS,-20.5,28.0,2025-01-30,2025-01-30,15:34,16:02
378,BUY,sup1,2025-01-30T16:19:00,21695.75,21820.75,2025-01-30T16:30:00,21687.75,FORCE_EXIT,-8.0,11.0,2025-01-30,2025-01-30,16:19,16:30
379,SELL,res1,2025-01-31T14:00:00,21771.85,21646.85,2025-01-31T16:30:00,21721.85,FORCE_EXIT,50.0,150.0,2025-01-31,2025-01-31,14:00,16:30
380,BUY,sup1,2025-02-03T16:21:00,21285.85,21410.85,2025-02-03T16:24:00,21433.85,TARGET,148.0,3.0,2025-02-03,2025-02-03,16:21,16:24
381,BUY,sup1,2025-02-05T11:05:00,21432.15,21557.15,2025-02-05T16:30:00,21504.15,FORCE_EXIT,72.0,325.0,2025-02-05,2025-02-05,11:05,16:30
382,SELL,res1,2025-02-06T14:19:00,21760.85,21635.85,2025-02-06T15:37:00,21809.85,STOP_LOSS,-49.0,78.0,2025-02-06,2025-02-06,14:19,15:37
383,BUY,res1,2025-02-06T15:37:00,21799.85,21924.85,2025-02-06T16:30:00,21836.85,FORCE_EXIT,37.0,53.0,2025-02-06,2025-02-06,15:37,16:30
384,SELL,res1,2025-02-07T13:15:00,21909.65,21784.65,2025-02-07T16:30:00,21858.15,FORCE_EXIT,51.5,195.0,2025-02-07,2025-02-07,13:15,16:30
385,BUY,res1,2025-02-10T14:31:00,21911.15,22036.15,2025-02-10T15:25:00,21885.15,STOP_LOSS,-26.0,54.0,2025-02-10,2025-02-10,14:31,15:25
386,BUY,res1,2025-02-10T15:58:00,21915.15,22040.15,2025-02-10T16:30:00,21925.15,FORCE_EXIT,10.0,32.0,2025-02-10,2025-02-10,15:58,16:30
387,SELL,res1,2025-02-11T13:18:00,21930.85,21805.85,2025-02-11T14:31:00,21992.35,STOP_LOSS,-61.5,73.0,2025-02-11,2025-02-11,13:18,14:31
388,BUY,res1,2025-02-11T14:31:00,21983.35,22108.35,2025-02-11T16:30:00,22011.35,FORCE_EXIT,28.0,119.0,2025-02-11,2025-02-11,14:31,16:30
389,SELL,res1,2025-02-12T14:30:00,22043.95,21918.95,2025-02-12T16:15:00,22104.45,STOP_LOSS,-60.5,105.0,2025-02-12,2025-02-12,14:30,16:15
390,BUY,res1,2025-02-12T16:30:00,22155.95,22280.95,2025-02-12T16:30:00,22168.95,FORCE_EXIT,13.0,0.0,2025-02-12,2025-02-12,16:30,16:30
391,SELL,res1,2025-02-13T15:31:00,22535.15,22410.15,2025-02-13T16:30:00,22528.65,FORCE_EXIT,6.5,59.0,2025-02-13,2025-02-13,15:31,16:30
392,BUY,res1,2025-02-14T09:58:00,22566.25,22691.25,2025-02-14T11:31:00,22545.25,STOP_LOSS,-21.0,93.0,2025-02-14,2025-02-14,09:58,11:31
393,SELL,res1,2025-02-14T11:51:00,22517.25,22392.25,2025-02-14T16:30:00,22482.25,FORCE_EXIT,35.0,279.0,2025-02-14,2025-02-14,11:51,16:30
394,BUY,res1,2025-02-17T09:00:00,22538.8,22663.8,2025-02-17T10:40:00,22664.75,TARGET,125.95,100.0,2025-02-17,2025-02-17,09:00,10:40
395,BUY,res1,2025-02-19T09:00:00,22875.1,23000.1,2025-02-19T11:23:00,22809.05,STOP_LOSS,-66.05,143.0,2025-02-19,2025-02-19,09:00,11:23
396,SELL,sup1,2025-02-19T11:30:00,22792.05,22667.05,2025-02-19T12:22:00,22671.05,TARGET,121.0,52.0,2025-02-19,2025-02-19,11:30,12:22
397,SELL,sup1,2025-02-20T16:00:00,22424.25,22299.25,2025-02-20T16:30:00,22420.25,FORCE_EXIT,4.0,30.0,2025-02-20,2025-02-20,16:00,16:30
398,SELL,res1,2025-02-24T09:15:00,22349.95,22224.95,2025-02-24T10:01:00,22420.45,STOP_LOSS,-70.5,46.0,2025-02-24,2025-02-24,09:15,10:01
399,BUY,sup1,2025-02-24T10:01:00,22408.45,22533.45,2025-02-24T16:03:00,22272.95,STOP_LOSS,-135.5,362.0,2025-02-24,2025-02-24,10:01,16:03
400,SELL,res1,2025-02-24T16:03:00,22277.45,22152.45,2025-02-24T16:30:00,22331.45,FORCE_EXIT,-54.0,27.0,2025-02-24,2025-02-24,16:03,16:30
401,SELL,res1,2025-02-25T11:31:00,22450.05,22325.05,2025-02-25T14:21:00,22493.05,STOP_LOSS,-43.0,170.0,2025-02-25,2025-02-25,11:31,14:21
402,BUY,res1,2025-02-25T14:21:00,22480.55,22605.55,2025-02-25T15:52:00,22464.05,STOP_LOSS,-16.5,91.0,2025-02-25,2025-02-25,14:21,15:52
403,SELL,res1,2025-02-25T16:00:00,22463.55,22338.55,2025-02-25T16:25:00,22357.05,TARGET,106.5,25.0,2025-02-25,2025-02-25,16:00,16:25
404,SELL,sup1,2025-02-27T16:00:00,22424.85,22299.85,2025-02-27T16:18:00,22486.85,STOP_LOSS,-62.0,18.0,2025-02-27,2025-02-27,16:00,16:18
405,SELL,sup1,2025-02-28T11:14:00,22448.45,22323.45,2025-02-28T16:27:00,22510.45,STOP_LOSS,-62.0,313.0,2025-02-28,2025-02-28,11:14,16:27
406,BUY,res1,2025-02-28T16:27:00,22503.45,22628.45,2025-02-28T16:30:00,22512.95,FORCE_EXIT,9.5,3.0,2025-02-28,2025-02-28,16:27,16:30
407,SELL,res1,2025-03-05T11:25:00,23118.85,22993.85,2025-03-05T15:27:00,23001.85,TARGET,117.0,242.0,2025-03-05,2025-03-05,11:25,15:27
408,BUY,res1,2025-03-06T09:00:00,23276.5,23401.5,2025-03-06T09:16:00,23408.95,TARGET,132.45,16.0,2025-03-06,2025-03-06,09:00,09:16
409,SELL,res1,2025-03-06T15:33:00,23152.45,22977.45,2025-03-06T15:47:00,23222.45,STOP_LOSS,-70.0,14.0,2025-03-06,2025-03-06,15:33,15:47
410,BUY,res1,2025-03-06T15:49:00,23219.95,23394.95,2025-03-06T16:30:00,23355.45,FORCE_EXIT,135.5,41.0,2025-03-06,2025-03-06,15:49,16:30
411,SELL,res1,2025-03-07T09:22:00,23129.05,23004.05,2025-03-07T13:25:00,22995.55,TARGET,133.5,243.0,2025-03-07,2025-03-07,09:22,13:25
412,SELL,sup1,2025-03-07T13:30:00,22963.05,22788.05,2025-03-07T14:31:00,23095.55,STOP_LOSS,-132.5,61.0,2025-03-07,2025-03-07,13:30,14:31
413,SELL,sup1,2025-03-07T15:09:00,22909.55,22734.55,2025-03-07T16:30:00,23032.05,FORCE_EXIT,-122.5,81.0,2025-03-07,2025-03-07,15:09,16:30
414,BUY,sup1,2025-03-10T09:00:00,23156.7,23281.7,2025-03-10T09:05:00,23082.75,STOP_LOSS,-73.95,5.0,2025-03-10,2025-03-10,09:00,09:05
415,SELL,res1,2025-03-10T09:16:00,23016.25,22891.25,2025-03-10T09:46:00,22895.75,TARGET,120.5,30.0,2025-03-10,2025-03-10,09:16,09:46
416,SELL,res1,2025-03-11T12:00:00,22712.85,22587.85,2025-03-11T14:32:00,22588.35,TARGET,124.5,152.0,2025-03-11,2025-03-11,12:00,14:32
417,SELL,sup1,2025-03-11T15:17:00,22438.35,22263.35,2025-03-11T15:39:00,22264.85,TARGET,173.5,22.0,2025-03-11,2025-03-11,15:17,15:39
418,SELL,sup1,2025-03-12T09:20:00,22493.45,22368.45,2025-03-12T09:39:00,22563.95,STOP_LOSS,-70.5,19.0,2025-03-12,2025-03-12,09:20,09:39
419,BUY,sup1,2025-03-12T09:55:00,22600.95,22725.95,2025-03-12T12:02:00,22724.45,TARGET,123.5,127.0,2025-03-12,2025-03-12,09:55,12:02
420,SELL,res1,2025-03-12T13:00:00,22715.95,22540.95,2025-03-12T13:30:00,22787.45,STOP_LOSS,-71.5,30.0,2025-03-12,2025-03-12,13:00,13:30
421,SELL,res1,2025-03-12T13:45:00,22698.95,22523.95,2025-03-12T16:02:00,22524.45,TARGET,174.5,137.0,2025-03-12,2025-03-12,13:45,16:02
422,SELL,res1,2025-03-13T12:19:00,22609.55,22484.55,2025-03-13T12:58:00,22472.05,TARGET,137.5,39.0,2025-03-13,2025-03-13,12:19,12:58
423,BUY,sup1,2025-03-13T15:51:00,22548.55,22723.55,2025-03-13T16:30:00,22535.05,FORCE_EXIT,-13.5,39.0,2025-03-13,2025-03-13,15:51,16:30
424,BUY,res1,2025-03-14T09:30:00,22640.85,22765.85,2025-03-14T11:39:00,22758.85,TARGET,118.0,129.0,2025-03-14,2025-03-14,09:30,11:39
425,BUY,res1,2025-03-17T09:38:00,23045.95,23170.95,2025-03-17T10:09:00,22980.95,STOP_LOSS,-65.0,31.0,2025-03-17,2025-03-17,09:38,10:09
426,BUY,res1,2025-03-17T11:29:00,23042.95,23167.95,2025-03-17T16:30:00,23119.45,FORCE_EXIT,76.5,301.0,2025-03-17,2025-03-17,11:29,16:30
427,SELL,res1,2025-03-18T14:17:00,23386.85,23261.85,2025-03-18T16:30:00,23323.85,FORCE_EXIT,63.0,133.0,2025-03-18,2025-03-18,14:17,16:30
428,SELL,res1,2025-03-19T11:38:00,23309.55,23184.55,2025-03-19T14:05:00,23191.55,TARGET,118.0,147.0,2025-03-19,2025-03-19,11:38,14:05
429,SELL,sup1,2025-03-20T10:18:00,23081.75,22956.75,2025-03-20T10:53:00,22953.75,TARGET,128.0,35.0,2025-03-20,2025-03-20,10:18,10:53
430,SELL,sup1,2025-03-21T09:32:00,22785.55,22660.55,2025-03-21T09:55:00,22848.05,STOP_LOSS,-62.5,23.0,2025-03-21,2025-03-21,09:32,09:55
431,SELL,sup1,2025-03-21T10:18:00,22790.05,22665.05,2025-03-21T16:30:00,22827.55,FORCE_EXIT,-37.5,372.0,2025-03-21,2025-03-21,10:18,16:30
432,BUY,res1,2025-03-24T09:00:00,23037.8,23162.8,2025-03-24T10:23:00,22961.85,STOP_LOSS,-75.95,83.0,2025-03-24,2025-03-24,09:00,10:23
433,SELL,res1,2025-03-25T10:09:00,22943.55,22818.55,2025-03-25T10:58:00,23004.05,STOP_LOSS,-60.5,49.0,2025-03-25,2025-03-25,10:09,10:58
434,BUY,res1,2025-03-25T11:30:00,23039.05,23164.05,2025-03-25T12:46:00,23165.05,TARGET,126.0,76.0,2025-03-25,2025-03-25,11:30,12:46
435,SELL,res1,2025-03-26T09:17:00,23096.35,22971.35,2025-03-26T09:48:00,22962.85,TARGET,133.5,31.0,2025-03-26,2025-03-26,09:17,09:48
436,BUY,sup1,2025-03-26T15:34:00,22943.85,23118.85,2025-03-26T16:30:00,22951.35,FORCE_EXIT,7.5,56.0,2025-03-26,2025-03-26,15:34,16:30
437,SELL,res1,2025-03-27T09:00:00,22583.0,22458.0,2025-03-27T10:03:00,22643.05,STOP_LOSS,-60.05,63.0,2025-03-27,2025-03-27,09:00,10:03
438,BUY,res1,2025-03-27T16:12:00,22719.55,22844.55,2025-03-27T16:30:00,22686.55,FORCE_EXIT,-33.0,18.0,2025-03-27,2025-03-27,16:12,16:30
439,SELL,sup1,2025-03-28T16:01:00,22394.25,22269.25,2025-03-28T16:16:00,22460.75,STOP_LOSS,-66.5,15.0,2025-03-28,2025-03-28,16:01,16:16
440,BUY,sup1,2025-03-28T16:26:00,22479.75,22604.75,2025-03-28T16:30:00,22520.25,FORCE_EXIT,40.5,4.0,2025-03-28,2025-03-28,16:26,16:30
441,SELL,sup1,2025-03-31T12:03:00,22130.05,22005.05,2025-03-31T12:52:00,22007.05,TARGET,123.0,49.0,2025-03-31,2025-03-31,12:03,12:52
442,SELL,sup1,2025-03-31T16:21:00,22112.55,21937.55,2025-03-31T16:30:00,22092.55,FORCE_EXIT,20.0,9.0,2025-03-31,2025-03-31,16:21,16:30
443,BUY,res1,2025-04-01T11:44:00,22522.35,22647.35,2025-04-01T12:01:00,22451.85,STOP_LOSS,-70.5,17.0,2025-04-01,2025-04-01,11:44,12:01
444,SELL,res1,2025-04-01T12:30:00,22389.35,22264.35,2025-04-01T16:30:00,22352.35,FORCE_EXIT,37.0,240.0,2025-04-01,2025-04-01,12:30,16:30
445,SELL,res1,2025-04-02T09:25:00,22368.05,22243.05,2025-04-02T10:04:00,22243.55,TARGET,124.5,39.0,2025-04-02,2025-04-02,09:25,10:04
446,SELL,sup1,2025-04-02T11:00:00,22297.05,22122.05,2025-04-02T16:30:00,22300.55,FORCE_EXIT,-3.5,330.0,2025-04-02,2025-04-02,11:00,16:30
447,SELL,sup1,2025-04-04T09:00:00,21592.5,21467.5,2025-04-04T09:41:00,21463.05,TARGET,129.45,41.0,2025-04-04,2025-04-04,09:00,09:41
448,SELL,res1,2025-04-08T12:00:00,19941.35,19816.35,2025-04-08T12:04:00,20001.75,STOP_LOSS,-60.4,4.0,2025-04-08,2025-04-08,12:00,12:04
449,SELL,sup1,2025-04-09T10:03:00,19906.9,19781.9,2025-04-09T10:04:00,19784.85,TARGET,122.05,1.0,2025-04-09,2025-04-09,10:03,10:04
450,SELL,sup1,2025-04-09T10:19:00,19699.0,19524.0,2025-04-09T10:58:00,19759.9,STOP_LOSS,-60.9,39.0,2025-04-09,2025-04-09,10:19,10:58
451,BUY,res1,2025-04-09T15:56:00,19785.4,19960.4,2025-04-09T16:30:00,19748.4,FORCE_EXIT,-37.0,34.0,2025-04-09,2025-04-09,15:56,16:30
452,BUY,sup1,2025-04-10T14:31:00,20715.6,20840.6,2025-04-10T14:36:00,20620.6,STOP_LOSS,-95.0,5.0,2025-04-10,2025-04-10,14:31,14:36
453,SELL,sup1,2025-04-10T14:45:00,20602.1,20477.1,2025-04-10T15:16:00,20749.4,STOP_LOSS,-147.3,31.0,2025-04-10,2025-04-10,14:45,15:16
454,BUY,sup1,2025-04-10T15:16:00,20719.25,20844.25,2025-04-10T15:33:00,20626.6,STOP_LOSS,-92.65,17.0,2025-04-10,2025-04-10,15:16,15:33
455,SELL,res1,2025-04-10T15:33:00,20649.1,20524.1,2025-04-10T16:30:00,20687.1,FORCE_EXIT,-38.0,57.0,2025-04-10,2025-04-10,15:33,16:30
456,BUY,sup1,2025-04-11T09:00:00,20807.8,20932.8,2025-04-11T09:05:00,20734.3,STOP_LOSS,-73.5,5.0,2025-04-11,2025-04-11,09:00,09:05
457,SELL,res1,2025-04-11T09:28:00,20644.3,20519.3,2025-04-11T09:48:00,20526.3,TARGET,118.0,20.0,2025-04-11,2025-04-11,09:28,09:48
458,SELL,res1,2025-04-11T16:00:00,20355.3,20180.3,2025-04-11T16:15:00,20419.8,STOP_LOSS,-64.5,15.0,2025-04-11,2025-04-11,16:00,16:15
459,SELL,res1,2025-04-14T14:01:00,20813.95,20688.95,2025-04-14T14:20:00,20876.2,STOP_LOSS,-62.25,19.0,2025-04-14,2025-04-14,14:01,14:20
460,BUY,res1,2025-04-14T14:54:00,20926.25,21051.25,2025-04-14T16:30:00,20969.7,FORCE_EXIT,43.45,96.0,2025-04-14,2025-04-14,14:54,16:30
461,SELL,res1,2025-04-16T09:00:00,21088.7,20963.7,2025-04-16T10:09:00,20969.05,TARGET,119.65,69.0,2025-04-16,2025-04-16,09:00,10:09
462,BUY,sup1,2025-04-16T10:27:00,20988.2,21163.2,2025-04-16T10:41:00,21207.2,TARGET,219.0,14.0,2025-04-16,2025-04-16,10:27,10:41
463,SELL,res1,2025-04-22T09:10:00,21104.2,20979.2,2025-04-22T10:42:00,21171.2,STOP_LOSS,-67.0,92.0,2025-04-22,2025-04-22,09:10,10:42
464,SELL,res1,2025-04-22T12:04:00,21161.7,21036.7,2025-04-22T16:30:00,21147.2,FORCE_EXIT,14.5,266.0,2025-04-22,2025-04-22,12:04,16:30
465,SELL,sup1,2025-04-24T10:07:00,21756.7,21631.7,2025-04-24T10:52:00,21797.7,STOP_LOSS,-41.0,45.0,2025-04-24,2025-04-24,10:07,10:52
466,BUY,sup1,2025-04-24T10:52:00,21779.7,21904.7,2025-04-24T12:53:00,21910.7,TARGET,131.0,121.0,2025-04-24,2025-04-24,10:52,12:53
467,SELL,res1,2025-04-25T15:00:00,22229.6,22104.6,2025-04-25T16:30:00,22223.1,FORCE_EXIT,6.5,90.0,2025-04-25,2025-04-25,15:00,16:30
468,BUY,res1,2025-04-28T09:00:00,22336.4,22461.4,2025-04-28T16:30:00,22376.45,FORCE_EXIT,40.05,450.0,2025-04-28,2025-04-28,09:00,16:30
469,BUY,res1,2025-04-29T11:12:00,22434.15,22559.15,2025-04-29T11:24:00,22395.65,STOP_LOSS,-38.5,12.0,2025-04-29,2025-04-29,11:12,11:24
470,BUY,res1,2025-04-29T11:52:00,22441.15,22566.15,2025-04-29T12:48:00,22387.15,STOP_LOSS,-54.0,56.0,2025-04-29,2025-04-29,11:52,12:48
471,BUY,res1,2025-04-29T14:01:00,22448.15,22573.15,2025-04-29T14:30:00,22392.65,STOP_LOSS,-55.5,29.0,2025-04-29,2025-04-29,14:01,14:30
472,BUY,sup1,2025-04-29T15:40:00,22384.65,22509.65,2025-04-29T16:30:00,22401.65,FORCE_EXIT,17.0,50.0,2025-04-29,2025-04-29,15:40,16:30
473,SELL,res1,2025-04-30T14:15:00,22528.95,22403.95,2025-04-30T14:41:00,22392.45,TARGET,136.5,26.0,2025-04-30,2025-04-30,14:15,14:41
474,SELL,sup1,2025-04-30T14:45:00,22388.95,22213.95,2025-04-30T16:30:00,22371.45,FORCE_EXIT,17.5,105.0,2025-04-30,2025-04-30,14:45,16:30
475,SELL,res1,2025-05-07T10:37:00,23267.75,23142.75,2025-05-07T14:56:00,23149.75,TARGET,118.0,259.0,2025-05-07,2025-05-07,10:37,14:56
476,SELL,sup1,2025-05-07T15:37:00,23118.75,22943.75,2025-05-07T16:13:00,23182.75,STOP_LOSS,-64.0,36.0,2025-05-07,2025-05-07,15:37,16:13
477,BUY,sup1,2025-05-07T16:30:00,23189.75,23364.75,2025-05-07T16:30:00,23193.75,FORCE_EXIT,4.0,0.0,2025-05-07,2025-05-07,16:30,16:30
478,BUY,res1,2025-05-09T15:03:00,23509.15,23634.15,2025-05-09T15:41:00,23469.65,STOP_LOSS,-39.5,38.0,2025-05-09,2025-05-09,15:03,15:41
479,BUY,res1,2025-05-09T16:08:00,23512.15,23637.15,2025-05-09T16:26:00,23460.15,STOP_LOSS,-52.0,18.0,2025-05-09,2025-05-09,16:08,16:26
480,SELL,res1,2025-05-12T12:45:00,23649.05,23524.05,2025-05-12T15:27:00,23528.55,TARGET,120.5,162.0,2025-05-12,2025-05-12,12:45,15:27
481,BUY,sup1,2025-05-12T16:05:00,23501.55,23676.55,2025-05-12T16:21:00,23439.55,STOP_LOSS,-62.0,16.0,2025-05-12,2025-05-12,16:05,16:21
482,SELL,sup1,2025-05-12T16:30:00,23430.05,23255.05,2025-05-12T16:30:00,23401.55,FORCE_EXIT,28.5,0.0,2025-05-12,2025-05-12,16:30,16:30
483,BUY,res1,2025-05-13T16:14:00,23610.75,23735.75,2025-05-13T16:30:00,23579.75,FORCE_EXIT,-31.0,16.0,2025-05-13,2025-05-13,16:14,16:30
484,SELL,sup1,2025-05-14T11:00:00,23526.55,23401.55,2025-05-14T14:33:00,23578.55,STOP_LOSS,-52.0,213.0,2025-05-14,2025-05-14,11:00,14:33
485,BUY,sup1,2025-05-15T14:36:00,23528.25,23653.25,2025-05-15T16:30:00,23586.25,FORCE_EXIT,58.0,114.0,2025-05-15,2025-05-15,14:36,16:30
486,SELL,res1,2025-05-21T10:08:00,23988.25,23863.25,2025-05-21T12:19:00,23862.75,TARGET,125.5,131.0,2025-05-21,2025-05-21,10:08,12:19
487,BUY,sup1,2025-05-21T13:11:00,23962.75,24137.75,2025-05-21T16:30:00,24090.25,FORCE_EXIT,127.5,199.0,2025-05-21,2025-05-21,13:11,16:30
488,SELL,res1,2025-05-22T09:15:00,23965.55,23840.55,2025-05-22T13:58:00,23841.55,TARGET,124.0,283.0,2025-05-22,2025-05-22,09:15,13:58
489,SELL,sup1,2025-05-22T14:00:00,23833.05,23658.05,2025-05-22T14:48:00,23892.05,STOP_LOSS,-59.0,48.0,2025-05-22,2025-05-22,14:00,14:48
490,BUY,sup1,2025-05-22T14:48:00,23883.55,24058.55,2025-05-22T16:30:00,23946.05,FORCE_EXIT,62.5,102.0,2025-05-22,2025-05-22,14:48,16:30
491,SELL,res1,2025-05-23T11:22:00,24016.75,23891.75,2025-05-23T13:43:00,23864.25,TARGET,152.5,141.0,2025-05-23,2025-05-23,11:22,13:43
492,SELL,sup1,2025-05-23T13:46:00,23704.25,23529.25,2025-05-23T13:49:00,23582.75,TARGET,121.5,3.0,2025-05-23,2025-05-23,13:46,13:49
493,BUY,res1,2025-05-27T09:00:00,23998.9,24123.9,2025-05-27T09:42:00,24120.85,TARGET,121.95,42.0,2025-05-27,2025-05-27,09:00,09:42
494,SELL,res1,2025-05-27T14:19:00,24173.85,23998.85,2025-05-27T16:06:00,24217.35,STOP_LOSS,-43.5,107.0,2025-05-27,2025-05-27,14:19,16:06
495,BUY,res1,2025-05-27T16:17:00,24234.85,24409.85,2025-05-27T16:30:00,24254.85,FORCE_EXIT,20.0,13.0,2025-05-27,2025-05-27,16:17,16:30
496,SELL,res1,2025-05-28T11:00:00,24158.05,24033.05,2025-05-28T16:30:00,24072.55,FORCE_EXIT,85.5,330.0,2025-05-28,2025-05-28,11:00,16:30
497,BUY,sup1,2025-05-29T09:00:00,24254.8,24379.8,2025-05-29T09:08:00,24185.75,STOP_LOSS,-69.05,8.0,2025-05-29,2025-05-29,09:00,09:08
498,SELL,res1,2025-05-29T09:15:00,24133.25,24008.25,2025-05-29T09:37:00,24190.75,STOP_LOSS,-57.5,22.0,2025-05-29,2025-05-29,09:15,09:37
499,BUY,res1,2025-05-29T09:37:00,24180.25,24305.25,2025-05-29T10:19:00,24152.25,STOP_LOSS,-28.0,42.0,2025-05-29,2025-05-29,09:37,10:19
500,SELL,res1,2025-05-29T10:33:00,24077.75,23952.75,2025-05-29T15:38:00,23956.25,TARGET,121.5,305.0,2025-05-29,2025-05-29,10:33,15:38
501,SELL,res1,2025-05-30T10:36:00,24098.95,23973.95,2025-05-30T16:30:00,24058.95,FORCE_EXIT,40.0,354.0,2025-05-30,2025-05-30,10:36,16:30
502,SELL,res1,2025-06-02T15:28:00,23850.25,23725.25,2025-06-02T16:00:00,23719.55,TARGET,130.7,32.0,2025-06-02,2025-06-02,15:28,16:00
503,BUY,sup1,2025-06-03T09:00:00,24027.2,24152.2,2025-06-03T09:18:00,23948.25,STOP_LOSS,-78.95,18.0,2025-06-03,2025-06-03,09:00,09:18
504,SELL,res1,2025-06-03T10:12:00,23849.25,23724.25,2025-06-03T10:56:00,23926.25,STOP_LOSS,-77.0,44.0,2025-06-03,2025-06-03,10:12,10:56
505,BUY,res1,2025-06-03T11:00:00,23921.45,24046.45,2025-06-03T16:30:00,24012.75,FORCE_EXIT,91.3,330.0,2025-06-03,2025-06-03,11:00,16:30
506,BUY,res1,2025-06-05T10:12:00,24326.35,24451.35,2025-06-05T13:14:00,24304.05,STOP_LOSS,-22.3,182.0,2025-06-05,2025-06-05,10:12,13:14
507,BUY,res1,2025-06-05T14:49:00,24337.55,24462.55,2025-06-05T15:14:00,24311.05,STOP_LOSS,-26.5,25.0,2025-06-05,2025-06-05,14:49,15:14
508,SELL,res1,2025-06-05T15:15:00,24311.55,24186.55,2025-06-05T16:30:00,24275.55,FORCE_EXIT,36.0,75.0,2025-06-05,2025-06-05,15:15,16:30
509,BUY,res1,2025-06-06T15:15:00,24287.25,24412.25,2025-06-06T16:11:00,24252.25,STOP_LOSS,-35.0,56.0,2025-06-06,2025-06-06,15:15,16:11
510,SELL,res1,2025-06-09T09:18:00,24198.65,24073.65,2025-06-09T16:30:00,24150.95,FORCE_EXIT,47.7,432.0,2025-06-09,2025-06-09,09:18,16:30
511,SELL,res1,2025-06-10T09:37:00,24126.05,24001.05,2025-06-10T10:13:00,24010.55,TARGET,115.5,36.0,2025-06-10,2025-06-10,09:37,10:13
512,SELL,sup1,2025-06-10T10:54:00,23976.55,23801.55,2025-06-10T11:26:00,24037.55,STOP_LOSS,-61.0,32.0,2025-06-10,2025-06-10,10:54,11:26
513,SELL,res1,2025-06-10T14:20:00,24078.55,23903.55,2025-06-10T16:30:00,24047.55,FORCE_EXIT,31.0,130.0,2025-06-10,2025-06-10,14:20,16:30
514,SELL,res1,2025-06-11T10:38:00,24046.65,23921.65,2025-06-11T14:40:00,24107.35,STOP_LOSS,-60.7,242.0,2025-06-11,2025-06-11,10:38,14:40
515,BUY,res1,2025-06-11T14:40:00,24104.65,24229.65,2025-06-11T15:02:00,24041.15,STOP_LOSS,-63.5,22.0,2025-06-11,2025-06-11,14:40,15:02
516,SELL,res1,2025-06-11T15:18:00,24027.35,23902.35,2025-06-11T16:30:00,24003.65,FORCE_EXIT,23.7,72.0,2025-06-11,2025-06-11,15:18,16:30
517,BUY,res1,2025-06-12T14:30:00,23732.05,23857.05,2025-06-12T16:30:00,23856.25,TARGET,124.2,120.0,2025-06-12,2025-06-12,14:30,16:30
518,BUY,sup1,2025-06-16T15:54:00,23595.85,23720.85,2025-06-16T16:30:00,23681.35,FORCE_EXIT,85.5,36.0,2025-06-16,2025-06-16,15:54,16:30
519,SELL,res1,2025-06-17T09:20:00,23392.25,23267.25,2025-06-17T13:04:00,23458.25,STOP_LOSS,-66.0,224.0,2025-06-17,2025-06-17,09:20,13:04
520,SELL,sup1,2025-06-18T14:47:00,23330.05,23205.05,2025-06-18T16:17:00,23396.75,STOP_LOSS,-66.7,90.0,2025-06-18,2025-06-18,14:47,16:17
521,BUY,sup1,2025-06-18T16:17:00,23387.05,23512.05,2025-06-18T16:30:00,23408.25,FORCE_EXIT,21.2,13.0,2025-06-18,2025-06-18,16:17,16:30
522,BUY,res1,2025-06-20T09:39:00,23249.55,23374.55,2025-06-20T10:44:00,23208.05,STOP_LOSS,-41.5,65.0,2025-06-20,2025-06-20,09:39,10:44
523,SELL,res1,2025-06-20T10:47:00,23205.05,23080.05,2025-06-20T11:15:00,23253.05,STOP_LOSS,-48.0,28.0,2025-06-20,2025-06-20,10:47,11:15
524,BUY,res1,2025-06-20T11:17:00,23255.55,23380.55,2025-06-20T13:44:00,23372.55,TARGET,117.0,147.0,2025-06-20,2025-06-20,11:17,13:44
525,BUY,sup1,2025-06-23T09:20:00,23263.75,23388.75,2025-06-23T11:37:00,23235.75,STOP_LOSS,-28.0,137.0,2025-06-23,2025-06-23,09:20,11:37
526,SELL,res1,2025-06-23T11:37:00,23242.55,23117.55,2025-06-23T13:45:00,23096.75,TARGET,145.8,128.0,2025-06-23,2025-06-23,11:37,13:45
527,BUY,sup1,2025-06-23T16:05:00,23262.25,23437.25,2025-06-23T16:30:00,23292.25,FORCE_EXIT,30.0,25.0,2025-06-23,2025-06-23,16:05,16:30
528,SELL,res1,2025-06-25T16:30:00,23482.05,23357.05,2025-06-25T16:30:00,23476.05,FORCE_EXIT,6.0,0.0,2025-06-25,2025-06-25,16:30,16:30
529,BUY,res1,2025-06-27T15:54:00,23877.65,24002.65,2025-06-27T16:30:00,23906.35,FORCE_EXIT,28.7,36.0,2025-06-27,2025-06-27,15:54,16:30
530,SELL,sup1,2025-06-30T15:04:00,23958.05,23833.05,2025-06-30T16:30:00,23925.55,FORCE_EXIT,32.5,86.0,2025-06-30,2025-06-30,15:04,16:30
531,SELL,sup1,2025-07-01T09:26:00,23899.45,23774.45,2025-07-01T11:47:00,23786.45,TARGET,113.0,141.0,2025-07-01,2025-07-01,09:26,11:47
532,SELL,sup1,2025-07-02T14:31:00,23676.35,23551.35,2025-07-02T15:05:00,23738.85,STOP_LOSS,-62.5,34.0,2025-07-02,2025-07-02,14:31,15:05
533,BUY,sup1,2025-07-02T16:18:00,23758.35,23883.35,2025-07-02T16:30:00,23791.85,FORCE_EXIT,33.5,12.0,2025-07-02,2025-07-02,16:18,16:30
534,BUY,res1,2025-07-03T12:00:00,23792.25,23917.25,2025-07-03T14:30:00,23869.55,TARGET,77.3,150.0,2025-07-03,2025-07-03,12:00,14:30
535,BUY,res1,2025-07-03T15:47:00,23888.75,24063.75,2025-07-03T16:30:00,23908.05,FORCE_EXIT,19.3,43.0,2025-07-03,2025-07-03,15:47,16:30
536,SELL,res1,2025-07-04T09:30:00,23795.65,23670.65,2025-07-04T16:30:00,23810.95,FORCE_EXIT,-15.3,420.0,2025-07-04,2025-07-04,09:30,16:30
537,BUY,res1,2025-07-07T09:00:00,23835.9,23960.9,2025-07-07T12:57:00,23962.85,TARGET,126.95,237.0,2025-07-07,2025-07-07,09:00,12:57
538,BUY,res1,2025-07-09T09:00:00,24259.2,24384.2,2025-07-09T10:12:00,24380.65,TARGET,121.45,72.0,2025-07-09,2025-07-09,09:00,10:12
539,SELL,res1,2025-07-10T12:45:00,24581.85,24456.85,2025-07-10T16:30:00,24485.55,FORCE_EXIT,96.3,225.0,2025-07-10,2025-07-10,12:45,16:30
540,BUY,sup1,2025-07-14T16:07:00,24062.15,24187.15,2025-07-14T16:30:00,24071.65,FORCE_EXIT,9.5,23.0,2025-07-14,2025-07-14,16:07,16:30
541,SELL,res1,2025-07-15T15:30:00,24210.35,24085.35,2025-07-15T16:30:00,24138.05,FORCE_EXIT,72.3,60.0,2025-07-15,2025-07-15,15:30,16:30
542,BUY,sup1,2025-07-16T09:41:00,24033.75,24158.75,2025-07-16T13:23:00,24157.45,TARGET,123.7,222.0,2025-07-16,2025-07-16,09:41,13:23
543,SELL,res1,2025-07-16T15:30:00,24197.45,24022.45,2025-07-16T16:30:00,24148.95,FORCE_EXIT,48.5,60.0,2025-07-16,2025-07-16,15:30,16:30
544,BUY,res1,2025-07-17T09:19:00,24252.65,24377.65,2025-07-17T10:24:00,24203.85,STOP_LOSS,-48.8,65.0,2025-07-17,2025-07-17,09:19,10:24
545,BUY,res1,2025-07-17T15:04:00,24243.35,24368.35,2025-07-17T16:30:00,24276.85,FORCE_EXIT,33.5,86.0,2025-07-17,2025-07-17,15:04,16:30
546,SELL,res1,2025-07-21T12:22:00,24245.95,24120.95,2025-07-21T16:30:00,24265.95,FORCE_EXIT,-20.0,248.0,2025-07-21,2025-07-21,12:22,16:30
547,SELL,sup1,2025-07-22T10:00:00,24135.85,24010.85,2025-07-22T14:36:00,24005.85,TARGET,130.0,276.0,2025-07-22,2025-07-22,10:00,14:36
548,SELL,res1,2025-07-23T09:32:00,24219.25,24094.25,2025-07-23T10:13:00,24284.05,STOP_LOSS,-64.8,41.0,2025-07-23,2025-07-23,09:32,10:13
549,BUY,sup1,2025-07-23T10:13:00,24277.55,24402.55,2025-07-23T13:00:00,24176.75,STOP_LOSS,-100.8,167.0,2025-07-23,2025-07-23,10:13,13:00
550,SELL,res1,2025-07-23T13:00:00,24178.25,24053.25,2025-07-23T16:30:00,24190.75,FORCE_EXIT,-12.5,210.0,2025-07-23,2025-07-23,13:00,16:30
551,BUY,sup1,2025-07-24T09:00:00,24468.2,24593.2,2025-07-24T11:59:00,24407.15,STOP_LOSS,-61.05,179.0,2025-07-24,2025-07-24,09:00,11:59
552,SELL,res1,2025-07-24T12:00:00,24407.65,24282.65,2025-07-24T15:16:00,24281.15,TARGET,126.5,196.0,2025-07-24,2025-07-24,12:00,15:16
553,SELL,sup1,2025-07-25T09:45:00,24091.55,23966.55,2025-07-25T10:54:00,24152.55,STOP_LOSS,-61.0,69.0,2025-07-25,2025-07-25,09:45,10:54
554,BUY,sup1,2025-07-25T11:17:00,24164.85,24289.85,2025-07-25T13:05:00,24117.55,STOP_LOSS,-47.3,108.0,2025-07-25,2025-07-25,11:17,13:05
555,SELL,res1,2025-07-25T16:20:00,24164.05,24039.05,2025-07-25T16:30:00,24165.55,FORCE_EXIT,-1.5,10.0,2025-07-25,2025-07-25,16:20,16:30
556,SELL,sup1,2025-07-28T15:48:00,24039.55,23914.55,2025-07-28T16:30:00,23975.85,FORCE_EXIT,63.7,42.0,2025-07-28,2025-07-28,15:48,16:30
557,BUY,sup1,2025-07-29T09:28:00,24134.75,24259.75,2025-07-29T11:07:00,24255.75,TARGET,121.0,99.0,2025-07-29,2025-07-29,09:28,11:07
558,SELL,res1,2025-07-29T15:48:00,24274.95,24099.95,2025-07-29T16:30:00,24261.45,FORCE_EXIT,13.5,42.0,2025-07-29,2025-07-29,15:48,16:30
559,BUY,sup1,2025-07-30T11:56:00,24257.35,24382.35,2025-07-30T16:30:00,24279.35,FORCE_EXIT,22.0,274.0,2025-07-30,2025-07-30,11:56,16:30
560,SELL,res1,2025-07-31T12:53:00,24257.55,24132.55,2025-07-31T15:42:00,24137.55,TARGET,120.0,169.0,2025-07-31,2025-07-31,12:53,15:42
561,BUY,res1,2025-08-04T10:49:00,23710.15,23835.15,2025-08-04T16:30:00,23744.85,FORCE_EXIT,34.7,341.0,2025-08-04,2025-08-04,10:49,16:30
562,BUY,res1,2025-08-05T12:30:00,23935.25,24060.25,2025-08-05T16:13:00,23878.55,STOP_LOSS,-56.7,223.0,2025-08-05,2025-08-05,12:30,16:13
563,SELL,res1,2025-08-05T16:15:00,23881.05,23756.05,2025-08-05T16:30:00,23888.25,FORCE_EXIT,-7.2,15.0,2025-08-05,2025-08-05,16:15,16:30
564,BUY,res1,2025-08-06T09:00:00,23985.2,24110.2,2025-08-06T10:41:00,23923.45,STOP_LOSS,-61.75,101.0,2025-08-06,2025-08-06,09:00,10:41
565,SELL,sup1,2025-08-06T12:45:00,23852.65,23727.65,2025-08-06T15:13:00,23898.45,STOP_LOSS,-45.8,148.0,2025-08-06,2025-08-06,12:45,15:13
566,BUY,sup1,2025-08-06T15:13:00,23883.45,24008.45,2025-08-06T15:27:00,23859.65,STOP_LOSS,-23.8,14.0,2025-08-06,2025-08-06,15:13,15:27
567,SELL,sup1,2025-08-06T15:38:00,23859.95,23734.95,2025-08-06T16:02:00,23893.65,STOP_LOSS,-33.7,24.0,2025-08-06,2025-08-06,15:38,16:02
568,BUY,res1,2025-08-07T09:55:00,24004.35,24129.35,2025-08-07T10:27:00,24142.35,TARGET,138.0,32.0,2025-08-07,2025-08-07,09:55,10:27
569,SELL,res1,2025-08-07T16:01:00,24283.85,24108.85,2025-08-07T16:30:00,24217.85,FORCE_EXIT,66.0,29.0,2025-08-07,2025-08-07,16:01,16:30
570,SELL,sup1,2025-08-11T10:45:00,24084.95,23959.95,2025-08-11T13:57:00,24146.45,STOP_LOSS,-61.5,192.0,2025-08-11,2025-08-11,10:45,13:57
571,BUY,sup1,2025-08-11T14:11:00,24160.45,24285.45,2025-08-11T14:57:00,24090.25,STOP_LOSS,-70.2,46.0,2025-08-11,2025-08-11,14:11,14:57
572,BUY,sup1,2025-08-12T09:00:00,24155.1,24280.1,2025-08-12T09:25:00,24090.35,STOP_LOSS,-64.75,25.0,2025-08-12,2025-08-12,09:00,09:25
573,SELL,res1,2025-08-12T09:25:00,24096.35,23971.35,2025-08-12T12:05:00,23969.35,TARGET,127.0,160.0,2025-08-12,2025-08-12,09:25,12:05
574,SELL,res1,2025-08-13T14:30:00,24221.55,24096.55,2025-08-13T16:30:00,24222.25,FORCE_EXIT,-0.7,120.0,2025-08-13,2025-08-13,14:30,16:30
575,BUY,res1,2025-08-14T09:17:00,24239.65,24364.65,2025-08-14T10:56:00,24231.65,STOP_LOSS,-8.0,99.0,2025-08-14,2025-08-14,09:17,10:56
576,BUY,res1,2025-08-14T11:03:00,24252.15,24377.15,2025-08-14T16:30:00,24371.65,FORCE_EXIT,119.5,327.0,2025-08-14,2025-08-14,11:03,16:30
577,SELL,res1,2025-08-15T12:23:00,24445.55,24320.55,2025-08-15T16:30:00,24351.05,FORCE_EXIT,94.5,247.0,2025-08-15,2025-08-15,12:23,16:30
578,SELL,sup1,2025-08-18T09:30:00,24265.75,24140.75,2025-08-18T09:41:00,24298.55,STOP_LOSS,-32.8,11.0,2025-08-18,2025-08-18,09:30,09:41
579,BUY,sup1,2025-08-18T09:53:00,24303.75,24428.75,2025-08-18T10:12:00,24254.05,STOP_LOSS,-49.7,19.0,2025-08-18,2025-08-18,09:53,10:12
580,BUY,sup1,2025-08-18T10:46:00,24310.75,24435.75,2025-08-18T12:01:00,24265.75,STOP_LOSS,-45.0,75.0,2025-08-18,2025-08-18,10:46,12:01
581,BUY,res1,2025-08-18T15:33:00,24318.25,24443.25,2025-08-18T15:55:00,24299.75,STOP_LOSS,-18.5,22.0,2025-08-18,2025-08-18,15:33,15:55
582,SELL,res1,2025-08-18T16:12:00,24294.05,24169.05,2025-08-18T16:30:00,24286.75,FORCE_EXIT,7.3,18.0,2025-08-18,2025-08-18,16:12,16:30
583,BUY,res1,2025-08-19T10:16:00,24325.65,24450.65,2025-08-19T15:43:00,24446.65,TARGET,121.0,327.0,2025-08-19,2025-08-19,10:16,15:43
584,SELL,res1,2025-08-20T09:00:00,24243.8,24118.8,2025-08-20T09:45:00,24308.55,STOP_LOSS,-64.75,45.0,2025-08-20,2025-08-20,09:00,09:45
585,SELL,res1,2025-08-20T14:02:00,24341.55,24216.55,2025-08-20T16:30:00,24229.05,FORCE_EXIT,112.5,148.0,2025-08-20,2025-08-20,14:02,16:30
586,BUY,sup1,2025-08-21T12:21:00,24239.25,24364.25,2025-08-21T12:26:00,24224.95,STOP_LOSS,-14.3,5.0,2025-08-21,2025-08-21,12:21,12:26
587,SELL,sup1,2025-08-21T13:30:00,24211.45,24086.45,2025-08-21T15:36:00,24237.45,STOP_LOSS,-26.0,126.0,2025-08-21,2025-08-21,13:30,15:36
588,BUY,sup1,2025-08-21T15:36:00,24231.95,24356.95,2025-08-21T15:40:00,24225.95,STOP_LOSS,-6.0,4.0,2025-08-21,2025-08-21,15:36,15:40
589,SELL,sup1,2025-08-21T15:46:00,24209.75,24084.75,2025-08-21T15:54:00,24241.95,STOP_LOSS,-32.2,8.0,2025-08-21,2025-08-21,15:46,15:54
590,BUY,sup1,2025-08-21T16:01:00,24247.75,24372.75,2025-08-21T16:30:00,24297.45,FORCE_EXIT,49.7,29.0,2025-08-21,2025-08-21,16:01,16:30
591,BUY,res1,2025-08-22T10:25:00,24305.85,24430.85,2025-08-22T16:01:00,24417.85,TARGET,112.0,336.0,2025-08-22,2025-08-22,10:25,16:01
592,SELL,res1,2025-08-25T09:00:00,24233.1,24108.1,2025-08-25T11:40:00,24298.55,STOP_LOSS,-65.45,160.0,2025-08-25,2025-08-25,09:00,11:40
593,BUY,sup1,2025-08-25T11:40:00,24289.55,24414.55,2025-08-25T12:00:00,24281.05,STOP_LOSS,-8.5,20.0,2025-08-25,2025-08-25,11:40,12:00
594,SELL,res1,2025-08-25T15:45:00,24343.55,24218.55,2025-08-25T16:30:00,24337.55,FORCE_EXIT,6.0,45.0,2025-08-25,2025-08-25,15:45,16:30
595,SELL,sup1,2025-08-27T10:02:00,24147.85,24022.85,2025-08-27T10:49:00,24036.35,TARGET,111.5,47.0,2025-08-27,2025-08-27,10:02,10:49
596,BUY,res1,2025-08-28T10:05:00,24176.25,24301.25,2025-08-28T10:25:00,24128.75,STOP_LOSS,-47.5,20.0,2025-08-28,2025-08-28,10:05,10:25
597,SELL,res1,2025-08-28T10:36:00,24110.25,23985.25,2025-08-28T13:20:00,23996.05,TARGET,114.2,164.0,2025-08-28,2025-08-28,10:36,13:20
598,BUY,sup1,2025-08-28T14:31:00,24059.75,24234.75,2025-08-28T16:30:00,24087.25,FORCE_EXIT,27.5,119.0,2025-08-28,2025-08-28,14:31,16:30
599,SELL,sup1,2025-08-29T10:03:00,23951.95,23826.95,2025-08-29T13:43:00,23998.65,STOP_LOSS,-46.7,220.0,2025-08-29,2025-08-29,10:03,13:43
600,SELL,res1,2025-09-01T10:18:00,24012.95,23887.95,2025-09-01T16:30:00,24007.95,FORCE_EXIT,5.0,372.0,2025-09-01,2025-09-01,10:18,16:30
601,SELL,sup1,2025-09-02T09:39:00,23835.35,23710.35,2025-09-02T12:30:00,23714.35,TARGET,121.0,171.0,2025-09-02,2025-09-02,09:39,12:30
602,SELL,res1,2025-09-03T11:01:00,23627.95,23502.95,2025-09-03T12:02:00,23672.75,STOP_LOSS,-44.8,61.0,2025-09-03,2025-09-03,11:01,12:02
603,BUY,res1,2025-09-03T12:02:00,23666.75,23791.75,2025-09-03T14:46:00,23624.75,STOP_LOSS,-42.0,164.0,2025-09-03,2025-09-03,12:02,14:46
604,SELL,res1,2025-09-04T10:56:00,23679.65,23554.65,2025-09-04T11:31:00,23715.15,STOP_LOSS,-35.5,35.0,2025-09-04,2025-09-04,10:56,11:31
605,BUY,res1,2025-09-04T11:31:00,23713.15,23838.15,2025-09-04T11:51:00,23680.15,STOP_LOSS,-33.0,20.0,2025-09-04,2025-09-04,11:31,11:51
606,BUY,res1,2025-09-04T12:05:00,23714.15,23839.15,2025-09-04T16:30:00,23771.65,FORCE_EXIT,57.5,265.0,2025-09-04,2025-09-04,12:05,16:30
607,SELL,res1,2025-09-05T14:30:00,23788.05,23663.05,2025-09-05T16:12:00,23673.05,TARGET,115.0,102.0,2025-09-05,2025-09-05,14:30,16:12
608,SELL,sup1,2025-09-08T10:01:00,23773.85,23648.85,2025-09-08T16:30:00,23756.85,FORCE_EXIT,17.0,389.0,2025-09-08,2025-09-08,10:01,16:30
609,SELL,res1,2025-09-09T10:05:00,23777.95,23652.95,2025-09-09T11:09:00,23652.75,TARGET,125.2,64.0,2025-09-09,2025-09-09,10:05,11:09
610,BUY,sup1,2025-09-09T11:16:00,23688.25,23863.25,2025-09-09T15:04:00,23649.75,STOP_LOSS,-38.5,228.0,2025-09-09,2025-09-09,11:16,15:04
611,SELL,res1,2025-09-09T15:04:00,23667.45,23492.45,2025-09-09T16:30:00,23708.25,FORCE_EXIT,-40.8,86.0,2025-09-09,2025-09-09,15:04,16:30
612,BUY,sup1,2025-09-10T09:00:00,23822.8,23947.8,2025-09-10T10:33:00,23745.35,STOP_LOSS,-77.45,93.0,2025-09-10,2025-09-10,09:00,10:33
613,SELL,res1,2025-09-10T11:32:00,23703.55,23578.55,2025-09-10T11:52:00,23760.55,STOP_LOSS,-57.0,20.0,2025-09-10,2025-09-10,11:32,11:52
614,BUY,res1,2025-09-10T11:52:00,23751.85,23876.85,2025-09-10T14:14:00,23719.55,STOP_LOSS,-32.3,142.0,2025-09-10,2025-09-10,11:52,14:14
615,SELL,sup1,2025-09-10T15:45:00,23684.05,23559.05,2025-09-10T16:30:00,23642.55,FORCE_EXIT,41.5,45.0,2025-09-10,2025-09-10,15:45,16:30
616,SELL,res1,2025-09-11T16:16:00,23714.75,23589.75,2025-09-11T16:30:00,23694.95,FORCE_EXIT,19.8,14.0,2025-09-11,2025-09-11,16:16,16:30
617,SELL,res1,2025-09-12T09:58:00,23694.65,23569.65,2025-09-12T16:30:00,23693.35,FORCE_EXIT,1.3,392.0,2025-09-12,2025-09-12,09:58,16:30
618,BUY,sup1,2025-09-15T09:00:00,23791.2,23916.2,2025-09-15T15:19:00,23725.75,STOP_LOSS,-65.45,379.0,2025-09-15,2025-09-15,09:00,15:19
619,SELL,sup1,2025-09-15T15:19:00,23734.25,23609.25,2025-09-15T16:30:00,23771.75,STOP_LOSS,-37.5,71.0,2025-09-15,2025-09-15,15:19,16:30
620,BUY,sup1,2025-09-15T16:30:00,23759.75,23884.75,2025-09-15T16:30:00,23771.75,FORCE_EXIT,12.0,0.0,2025-09-15,2025-09-15,16:30,16:30
621,SELL,sup1,2025-09-16T09:24:00,23667.05,23542.05,2025-09-16T14:59:00,23552.55,TARGET,114.5,335.0,2025-09-16,2025-09-16,09:24,14:59
622,SELL,res1,2025-09-17T16:02:00,23418.45,23293.45,2025-09-17T16:30:00,23371.45,FORCE_EXIT,47.0,28.0,2025-09-17,2025-09-17,16:02,16:30
623,SELL,res1,2025-09-18T14:10:00,23626.85,23501.85,2025-09-18T16:30:00,23678.35,FORCE_EXIT,-51.5,140.0,2025-09-18,2025-09-18,14:10,16:30
624,BUY,res1,2025-09-19T09:00:00,23724.4,23849.4,2025-09-19T11:46:00,23662.85,STOP_LOSS,-61.55,166.0,2025-09-19,2025-09-19,09:00,11:46
625,BUY,res1,2025-09-19T15:00:00,23664.35,23789.35,2025-09-19T16:30:00,23671.35,FORCE_EXIT,7.0,90.0,2025-09-19,2025-09-19,15:00,16:30
626,BUY,res1,2025-09-23T10:42:00,23693.85,23818.85,2025-09-23T11:48:00,23662.85,STOP_LOSS,-31.0,66.0,2025-09-23,2025-09-23,10:42,11:48
627,SELL,res1,2025-09-23T12:19:00,23615.85,23490.85,2025-09-23T15:52:00,23691.55,STOP_LOSS,-75.7,213.0,2025-09-23,2025-09-23,12:19,15:52
628,SELL,sup1,2025-09-24T09:16:00,23544.05,23419.05,2025-09-24T10:07:00,23604.35,STOP_LOSS,-60.3,51.0,2025-09-24,2025-09-24,09:16,10:07
629,BUY,sup1,2025-09-24T10:08:00,23601.85,23726.85,2025-09-24T11:08:00,23566.85,STOP_LOSS,-35.0,60.0,2025-09-24,2025-09-24,10:08,11:08
630,BUY,sup1,2025-09-24T12:46:00,23606.85,23731.85,2025-09-24T13:27:00,23565.35,STOP_LOSS,-41.5,41.0,2025-09-24,2025-09-24,12:46,13:27
631,SELL,res1,2025-09-24T14:48:00,23650.85,23525.85,2025-09-24T15:40:00,23702.35,STOP_LOSS,-51.5,52.0,2025-09-24,2025-09-24,14:48,15:40
632,BUY,res1,2025-09-24T15:40:00,23692.35,23817.35,2025-09-24T15:51:00,23653.35,STOP_LOSS,-39.0,11.0,2025-09-24,2025-09-24,15:40,15:51
633,BUY,res1,2025-09-24T16:22:00,23688.35,23813.35,2025-09-24T16:30:00,23705.85,FORCE_EXIT,17.5,8.0,2025-09-24,2025-09-24,16:22,16:30
634,BUY,sup1,2025-09-25T09:37:00,23602.55,23727.55,2025-09-25T10:51:00,23544.85,STOP_LOSS,-57.7,74.0,2025-09-25,2025-09-25,09:37,10:51
635,BUY,sup1,2025-09-25T11:17:00,23566.85,23691.85,2025-09-25T11:37:00,23547.85,STOP_LOSS,-19.0,20.0,2025-09-25,2025-09-25,11:17,11:37
636,SELL,sup1,2025-09-25T11:45:00,23522.85,23397.85,2025-09-25T13:20:00,23385.35,TARGET,137.5,95.0,2025-09-25,2025-09-25,11:45,13:20
637,BUY,res1,2025-09-26T14:30:00,23681.55,23806.55,2025-09-26T16:30:00,23702.55,FORCE_EXIT,21.0,120.0,2025-09-26,2025-09-26,14:30,16:30
638,SELL,res1,2025-09-29T13:00:00,23781.25,23656.25,2025-09-29T16:30:00,23760.75,FORCE_EXIT,20.5,210.0,2025-09-29,2025-09-29,13:00,16:30
639,BUY,res1,2025-09-30T11:18:00,23761.25,23886.25,2025-09-30T16:30:00,23797.25,FORCE_EXIT,36.0,312.0,2025-09-30,2025-09-30,11:18,16:30
640,SELL,res1,2025-10-02T16:22:00,24419.25,24294.25,2025-10-02T16:30:00,24437.25,FORCE_EXIT,-18.0,8.0,2025-10-02,2025-10-02,16:22,16:30
641,BUY,res1,2025-10-03T09:00:00,24525.7,24650.7,2025-10-03T09:24:00,24462.65,STOP_LOSS,-63.05,24.0,2025-10-03,2025-10-03,09:00,09:24
642,SELL,sup1,2025-10-03T13:37:00,24393.65,24268.65,2025-10-03T16:30:00,24385.65,FORCE_EXIT,8.0,173.0,2025-10-03,2025-10-03,13:37,16:30
643,SELL,sup1,2025-10-06T11:10:00,24387.75,24262.75,2025-10-06T13:07:00,24446.75,STOP_LOSS,-59.0,117.0,2025-10-06,2025-10-06,11:10,13:07
644,SELL,res1,2025-10-06T14:16:00,24453.85,24328.85,2025-10-06T15:15:00,24477.95,STOP_LOSS,-24.1,59.0,2025-10-06,2025-10-06,14:16,15:15
645,BUY,res1,2025-10-06T15:15:00,24470.75,24595.75,2025-10-06T15:40:00,24460.65,STOP_LOSS,-10.1,25.0,2025-10-06,2025-10-06,15:15,15:40
646,SELL,res1,2025-10-06T15:50:00,24444.45,24319.45,2025-10-06T16:30:00,24442.85,FORCE_EXIT,1.6,40.0,2025-10-06,2025-10-06,15:50,16:30
647,SELL,res1,2025-10-07T12:46:00,24427.8,24302.8,2025-10-07T16:30:00,24433.65,FORCE_EXIT,-5.85,224.0,2025-10-07,2025-10-07,12:46,16:30
648,BUY,res1,2025-10-08T11:08:00,24485.55,24610.55,2025-10-08T16:05:00,24608.65,TARGET,123.1,297.0,2025-10-08,2025-10-08,11:08,16:05
649,BUY,sup1,2025-10-09T16:18:00,24671.15,24796.15,2025-10-09T16:30:00,24663.45,FORCE_EXIT,-7.7,12.0,2025-10-09,2025-10-09,16:18,16:30
650,BUY,sup1,2025-10-10T09:04:00,24676.75,24801.75,2025-10-10T09:08:00,24658.45,STOP_LOSS,-18.3,4.0,2025-10-10,2025-10-10,09:04,09:08
651,BUY,sup1,2025-10-10T09:45:00,24691.15,24816.15,2025-10-10T10:05:00,24652.45,STOP_LOSS,-38.7,20.0,2025-10-10,2025-10-10,09:45,10:05
652,SELL,sup1,2025-10-10T10:31:00,24633.05,24508.05,2025-10-10T16:30:00,24595.05,FORCE_EXIT,38.0,359.0,2025-10-10,2025-10-10,10:31,16:30
653,SELL,res1,2025-10-13T16:25:00,24329.45,24204.45,2025-10-13T16:30:00,24329.85,FORCE_EXIT,-0.4,5.0,2025-10-13,2025-10-13,16:25,16:30
654,SELL,sup1,2025-10-14T12:45:00,24068.65,23943.65,2025-10-14T13:36:00,24134.55,STOP_LOSS,-65.9,51.0,2025-10-14,2025-10-14,12:45,13:36
655,BUY,res1,2025-10-14T16:21:00,24222.15,24347.15,2025-10-14T16:30:00,24234.25,FORCE_EXIT,12.1,9.0,2025-10-14,2025-10-14,16:21,16:30
656,SELL,res1,2025-10-15T16:27:00,24251.75,24126.75,2025-10-15T16:30:00,24252.55,FORCE_EXIT,-0.8,3.0,2025-10-15,2025-10-15,16:27,16:30
657,BUY,sup1,2025-10-16T09:45:00,24091.45,24216.45,2025-10-16T11:54:00,24215.25,TARGET,123.8,129.0,2025-10-16,2025-10-16,09:45,11:54
658,SELL,res1,2025-10-16T15:15:00,24195.05,24020.05,2025-10-16T16:30:00,24165.75,FORCE_EXIT,29.3,75.0,2025-10-16,2025-10-16,15:15,16:30
659,BUY,res1,2025-10-20T15:42:00,24228.05,24353.05,2025-10-20T16:30:00,24258.05,FORCE_EXIT,30.0,48.0,2025-10-20,2025-10-20,15:42,16:30
660,BUY,res1,2025-10-21T13:23:00,24308.65,24433.65,2025-10-21T15:46:00,24266.35,STOP_LOSS,-42.3,143.0,2025-10-21,2025-10-21,13:23,15:46
661,BUY,res1,2025-10-22T09:44:00,24327.15,24452.15,2025-10-22T10:06:00,24277.55,STOP_LOSS,-49.6,22.0,2025-10-22,2025-10-22,09:44,10:06
662,SELL,res1,2025-10-22T11:42:00,24245.85,24120.85,2025-10-22T16:30:00,24225.25,FORCE_EXIT,20.6,288.0,2025-10-22,2025-10-22,11:42,16:30
663,SELL,sup1,2025-10-23T09:00:00,24166.6,24041.6,2025-10-23T10:48:00,24040.05,TARGET,126.55,108.0,2025-10-23,2025-10-23,09:00,10:48
664,SELL,res1,2025-10-24T09:21:00,24249.45,24124.45,2025-10-24T16:30:00,24233.25,FORCE_EXIT,16.2,429.0,2025-10-24,2025-10-24,09:21,16:30
665,BUY,res1,2025-10-27T09:00:00,24313.45,24438.45,2025-10-27T10:28:00,24250.65,STOP_LOSS,-62.8,88.0,2025-10-27,2025-10-27,09:00,10:28
666,SELL,res1,2025-10-27T12:10:00,24249.45,24124.45,2025-10-27T16:30:00,24263.05,FORCE_EXIT,-13.6,260.0,2025-10-27,2025-10-27,12:10,16:30
667,SELL,res1,2025-10-28T09:00:00,24277.85,24152.85,2025-10-28T14:26:00,24338.85,STOP_LOSS,-61.0,326.0,2025-10-28,2025-10-28,09:00,14:26
668,BUY,res1,2025-10-28T14:26:00,24338.15,24463.15,2025-10-28T14:45:00,24270.25,STOP_LOSS,-67.9,19.0,2025-10-28,2025-10-28,14:26,14:45
669,BUY,res1,2025-10-28T15:29:00,24301.55,24426.55,2025-10-28T16:30:00,24323.25,FORCE_EXIT,21.7,61.0,2025-10-28,2025-10-28,15:29,16:30
670,BUY,sup1,2025-10-29T09:15:00,24284.65,24409.65,2025-10-29T09:39:00,24237.15,STOP_LOSS,-47.5,24.0,2025-10-29,2025-10-29,09:15,09:39
671,BUY,sup1,2025-10-29T11:13:00,24269.45,24394.45,2025-10-29T12:19:00,24249.55,STOP_LOSS,-19.9,66.0,2025-10-29,2025-10-29,11:13,12:19
672,SELL,res1,2025-10-29T14:00:00,24255.15,24130.15,2025-10-29T15:47:00,24128.65,TARGET,126.5,107.0,2025-10-29,2025-10-29,14:00,15:47
673,SELL,sup1,2025-10-30T10:10:00,24159.45,24034.45,2025-10-30T14:26:00,24029.85,TARGET,129.6,256.0,2025-10-30,2025-10-30,10:10,14:26
674,SELL,res1,2025-10-30T15:04:00,24118.45,23943.45,2025-10-30T16:30:00,24132.15,FORCE_EXIT,-13.7,86.0,2025-10-30,2025-10-30,15:04,16:30
675,SELL,sup1,2025-10-31T09:45:00,24023.75,23898.75,2025-10-31T16:30:00,23969.75,FORCE_EXIT,54.0,405.0,2025-10-31,2025-10-31,09:45,16:30
676,BUY,sup1,2025-11-03T09:05:00,24004.95,24129.95,2025-11-03T09:45:00,24133.15,TARGET,128.2,40.0,2025-11-03,2025-11-03,09:05,09:45
677,BUY,sup1,2025-11-05T09:15:00,23799.85,23924.85,2025-11-05T10:32:00,23751.55,STOP_LOSS,-48.3,77.0,2025-11-05,2025-11-05,09:15,10:32
678,BUY,sup1,2025-11-05T10:53:00,23791.65,23916.65,2025-11-05T11:10:00,23753.65,STOP_LOSS,-38.0,17.0,2025-11-05,2025-11-05,10:53,11:10
679,BUY,sup1,2025-11-05T11:42:00,23793.45,23918.45,2025-11-05T11:55:00,23750.15,STOP_LOSS,-43.3,13.0,2025-11-05,2025-11-05,11:42,11:55
680,BUY,sup1,2025-11-05T12:47:00,23805.65,23930.65,2025-11-05T15:47:00,23939.15,TARGET,133.5,180.0,2025-11-05,2025-11-05,12:47,15:47
681,BUY,res1,2025-11-05T16:02:00,23980.95,24155.95,2025-11-05T16:30:00,24083.25,FORCE_EXIT,102.3,28.0,2025-11-05,2025-11-05,16:02,16:30
682,BUY,res1,2025-11-06T10:06:00,23969.95,24094.95,2025-11-06T15:40:00,23918.35,STOP_LOSS,-51.6,334.0,2025-11-06,2025-11-06,10:06,15:40
683,SELL,res1,2025-11-06T15:40:00,23930.15,23805.15,2025-11-06T15:59:00,23810.65,TARGET,119.5,19.0,2025-11-06,2025-11-06,15:40,15:59
684,BUY,sup1,2025-11-07T15:45:00,23491.75,23616.75,2025-11-07T16:30:00,23579.55,FORCE_EXIT,87.8,45.0,2025-11-07,2025-11-07,15:45,16:30
685,SELL,res1,2025-11-10T13:36:00,24002.95,23877.95,2025-11-10T16:30:00,24004.45,FORCE_EXIT,-1.5,174.0,2025-11-10,2025-11-10,13:36,16:30
686,BUY,res1,2025-11-11T10:26:00,24023.15,24148.15,2025-11-11T10:39:00,24001.85,STOP_LOSS,-21.3,13.0,2025-11-11,2025-11-11,10:26,10:39
687,SELL,res1,2025-11-11T11:04:00,23983.85,23858.85,2025-11-11T15:35:00,24033.25,STOP_LOSS,-49.4,271.0,2025-11-11,2025-11-11,11:04,15:35
688,BUY,res1,2025-11-11T15:45:00,24040.55,24165.55,2025-11-11T16:30:00,24078.75,FORCE_EXIT,38.2,45.0,2025-11-11,2025-11-11,15:45,16:30
689,SELL,sup1,2025-11-13T10:37:00,24299.35,24174.35,2025-11-13T15:43:00,24177.35,TARGET,122.0,306.0,2025-11-13,2025-11-13,10:37,15:43
690,SELL,sup1,2025-11-13T15:54:00,24175.25,24000.25,2025-11-13T16:30:00,24130.85,FORCE_EXIT,44.4,36.0,2025-11-13,2025-11-13,15:54,16:30
691,SELL,sup1,2025-11-18T14:48:00,23195.95,23070.95,2025-11-18T16:30:00,23159.95,FORCE_EXIT,36.0,102.0,2025-11-18,2025-11-18,14:48,16:30
692,BUY,res1,2025-11-19T16:11:00,23349.55,23474.55,2025-11-19T16:30:00,23356.05,FORCE_EXIT,6.5,19.0,2025-11-19,2025-11-19,16:11,16:30
693,SELL,res1,2025-11-20T14:18:00,23404.05,23279.05,2025-11-20T14:51:00,23445.55,STOP_LOSS,-41.5,33.0,2025-11-20,2025-11-20,14:18,14:51
694,BUY,res1,2025-11-20T14:56:00,23448.85,23573.85,2025-11-20T16:30:00,23492.85,FORCE_EXIT,44.0,94.0,2025-11-20,2025-11-20,14:56,16:30
695,BUY,sup1,2025-11-25T10:45:00,23184.15,23309.15,2025-11-25T13:42:00,23359.45,TARGET,175.3,177.0,2025-11-25,2025-11-25,10:45,13:42
696,BUY,res1,2025-11-25T16:18:00,23409.45,23584.45,2025-11-25T16:30:00,23431.85,FORCE_EXIT,22.4,12.0,2025-11-25,2025-11-25,16:18,16:30
697,SELL,res1,2025-11-26T13:16:00,23470.25,23345.25,2025-11-26T13:50:00,23532.75,STOP_LOSS,-62.5,34.0,2025-11-26,2025-11-26,13:16,13:50
698,BUY,res1,2025-11-26T14:45:00,23598.55,23723.55,2025-11-26T16:30:00,23631.55,FORCE_EXIT,33.0,105.0,2025-11-26,2025-11-26,14:45,16:30
699,SELL,res1,2025-11-27T12:28:00,23770.85,23645.85,2025-11-27T16:30:00,23797.65,FORCE_EXIT,-26.8,242.0,2025-11-27,2025-11-27,12:28,16:30
700,SELL,sup1,2025-11-28T09:46:00,23729.05,23604.05,2025-11-28T12:45:00,23779.75,STOP_LOSS,-50.7,179.0,2025-11-28,2025-11-28,09:46,12:45
701,BUY,sup1,2025-11-28T12:45:00,23771.85,23896.85,2025-11-28T16:30:00,23868.35,FORCE_EXIT,96.5,225.0,2025-11-28,2025-11-28,12:45,16:30
702,SELL,res1,2025-12-01T09:00:00,23749.55,23624.55,2025-12-01T10:45:00,23620.85,TARGET,128.7,105.0,2025-12-01,2025-12-01,09:00,10:45
703,BUY,sup1,2025-12-02T11:55:00,23749.85,23874.85,2025-12-02T13:31:00,23710.45,STOP_LOSS,-39.4,96.0,2025-12-02,2025-12-02,11:55,13:31
704,SELL,sup1,2025-12-02T14:33:00,23665.15,23540.15,2025-12-02T15:14:00,23710.45,STOP_LOSS,-45.3,41.0,2025-12-02,2025-12-02,14:33,15:14
705,BUY,sup1,2025-12-02T15:14:00,23705.25,23830.25,2025-12-02T16:30:00,23705.45,FORCE_EXIT,0.2,76.0,2025-12-02,2025-12-02,15:14,16:30
706,BUY,res1,2025-12-03T10:35:00,23808.85,23933.85,2025-12-03T11:50:00,23749.35,STOP_LOSS,-59.5,75.0,2025-12-03,2025-12-03,10:35,11:50
707,SELL,res1,2025-12-03T12:07:00,23744.15,23619.15,2025-12-03T13:34:00,23782.45,STOP_LOSS,-38.3,87.0,2025-12-03,2025-12-03,12:07,13:34
708,SELL,res1,2025-12-03T14:16:00,23767.05,23642.05,2025-12-03T16:30:00,23707.75,FORCE_EXIT,59.3,134.0,2025-12-03,2025-12-03,14:16,16:30
709,SELL,res1,2025-12-08T16:02:00,24085.95,23960.95,2025-12-08T16:30:00,24065.25,FORCE_EXIT,20.7,28.0,2025-12-08,2025-12-08,16:02,16:30
710,BUY,res1,2025-12-09T09:16:00,24142.55,24267.55,2025-12-09T12:16:00,24107.45,STOP_LOSS,-35.1,180.0,2025-12-09,2025-12-09,09:16,12:16
711,SELL,res1,2025-12-09T12:16:00,24121.95,23996.95,2025-12-09T16:30:00,24165.25,FORCE_EXIT,-43.3,254.0,2025-12-09,2025-12-09,12:16,16:30
712,SELL,res1,2025-12-10T09:31:00,24127.25,24002.25,2025-12-10T10:16:00,24012.25,TARGET,115.0,45.0,2025-12-10,2025-12-10,09:31,10:16
713,BUY,sup1,2025-12-10T10:46:00,24094.45,24269.45,2025-12-10T11:07:00,24054.45,STOP_LOSS,-40.0,21.0,2025-12-10,2025-12-10,10:46,11:07
714,SELL,sup1,2025-12-10T11:27:00,24045.25,23870.25,2025-12-10T16:18:00,24097.65,STOP_LOSS,-52.4,291.0,2025-12-10,2025-12-10,11:27,16:18
715,BUY,res1,2025-12-10T16:18:00,24092.75,24267.75,2025-12-10T16:30:00,24092.05,FORCE_EXIT,-0.7,12.0,2025-12-10,2025-12-10,16:18,16:30
716,BUY,res1,2025-12-11T09:37:00,24083.05,24208.05,2025-12-11T14:47:00,24205.55,TARGET,122.5,310.0,2025-12-11,2025-12-11,09:37,14:47
717,SELL,sup1,2025-12-15T16:00:00,24227.75,24102.75,2025-12-15T16:30:00,24190.85,FORCE_EXIT,36.9,30.0,2025-12-15,2025-12-15,16:00,16:30
718,SELL,res1,2025-12-16T13:04:00,24124.25,23999.25,2025-12-16T16:30:00,24032.05,FORCE_EXIT,92.2,206.0,2025-12-16,2025-12-16,13:04,16:30
719,BUY,sup1,2025-12-17T09:00:00,24165.15,24290.15,2025-12-17T11:45:00,24103.35,STOP_LOSS,-61.8,165.0,2025-12-17,2025-12-17,09:00,11:45
720,SELL,res1,2025-12-17T11:45:00,24113.25,23988.25,2025-12-17T16:30:00,24067.15,FORCE_EXIT,46.1,285.0,2025-12-17,2025-12-17,11:45,16:30
721,BUY,res1,2025-12-18T16:26:00,24109.45,24234.45,2025-12-18T16:30:00,24110.25,FORCE_EXIT,0.8,4.0,2025-12-18,2025-12-18,16:26,16:30
722,SELL,res1,2025-12-19T14:48:00,24233.45,24108.45,2025-12-19T15:53:00,24285.95,STOP_LOSS,-52.5,65.0,2025-12-19,2025-12-19,14:48,15:53
723,BUY,res1,2025-12-19T15:53:00,24277.55,24402.55,2025-12-19T16:30:00,24295.65,FORCE_EXIT,18.1,37.0,2025-12-19,2025-12-19,15:53,16:30
724,BUY,res1,2025-12-23T09:15:00,24319.45,24444.45,2025-12-23T09:52:00,24291.75,STOP_LOSS,-27.7,37.0,2025-12-23,2025-12-23,09:15,09:52
725,BUY,res1,2025-12-23T10:42:00,24311.55,24436.55,2025-12-23T13:11:00,24295.25,STOP_LOSS,-16.3,149.0,2025-12-23,2025-12-23,10:42,13:11
726,SELL,res1,2025-12-23T13:16:00,24297.55,24172.55,2025-12-23T16:21:00,24348.85,STOP_LOSS,-51.3,185.0,2025-12-23,2025-12-23,13:16,16:21
727,BUY,res1,2025-12-23T16:21:00,24342.25,24467.25,2025-12-23T16:30:00,24341.65,FORCE_EXIT,-0.6,9.0,2025-12-23,2025-12-23,16:21,16:30
728,SELL,res1,2025-12-29T09:40:00,24290.25,24165.25,2025-12-29T12:30:00,24336.95,STOP_LOSS,-46.7,170.0,2025-12-29,2025-12-29,09:40,12:30
729,BUY,sup1,2025-12-29T12:30:00,24332.45,24457.45,2025-12-29T16:30:00,24354.55,FORCE_EXIT,22.1,240.0,2025-12-29,2025-12-29,12:30,16:30
730,BUY,res1,2025-12-30T09:33:00,24364.35,24489.35,2025-12-30T13:03:00,24490.65,TARGET,126.3,210.0,2025-12-30,2025-12-30,09:33,13:03
